frame,gammac,zetac,m,maxStep,period,firstPeriod,secondPeriod,r21,phi21,r31,phi31,phi1,phi2,phi3,amplitude1,amplitude2,amplitude3,status,message,phaseRows
8,0.52,10,10,0.02,2.364981327849989,2.3649585551207792,2.365004100579199,0.18428841892373354,0.7389196219688836,0.02895379710432034,0.7236244526293865,3.426876713480787,1.3094877417508712,4.721069285892161,0.02375928311240943,0.004378560719547297,0.0006879214625808074,complete,complete,240
9,0.51,10,10,0.02,2.369103333377325,2.3690512941168436,2.369155372637806,0.2568365918146523,0.8198074549846925,0.05863965557920858,0.8497181638516871,3.531194624187182,1.5990113961794705,5.160116729233646,0.03367907783457021,0.008650019566491413,0.0019749295244445553,complete,complete,240
10,0.50,10,10,0.02,2.3732315662830388,2.3731961892212894,2.373266943344788,0.30387438440619613,0.9007149032399884,0.08589430286948166,0.9784563881405592,3.584517250085056,1.7865640962305136,5.448822831216141,0.040766162092400644,0.012387792410431454,0.003501581073591043,complete,complete,240
11,0.49,10,10,0.02,2.377551150136412,2.3775542742101834,2.377548026062641,0.33626332148458066,0.9814359682769593,0.11047476730016421,1.1079007568524917,3.6128595444259792,1.9239697499493325,5.663294082950842,0.04643704790130376,0.015615075967230978,0.005130122061003112,complete,complete,241
12,0.48,10,10,0.02,2.3818052504425395,2.3818003649419097,2.3818101359431694,0.35828120609801445,1.0603672783102471,0.13252301439217373,1.2381510007157583,3.62665458218789,2.0304911355064412,5.834929440099843,0.051238487429227986,0.018357787074781754,0.006790278807016793,complete,complete,241
13,0.47,10,10,0.02,2.3861839265161393,2.386234203204367,2.3861336498279115,0.3722673888865557,1.137939409562609,0.15176807880374196,1.3669786956259458,3.631213203007681,2.117180508398386,5.977432997469403,0.05548426701533962,0.02065498320608493,0.008420740608751925,complete,complete,242
14,0.46,10,10,0.02,2.3905719301154136,2.3905590122926696,2.3905848479381575,0.3796164863884538,1.212033652230339,0.1686779669834013,1.4941572363221027,3.6296832196289865,2.1882147843087267,6.100021588029476,0.05932808139986152,0.02252191780518361,0.010007340155554385,complete,complete,242
15,0.45,10,10,0.02,2.394960721732957,2.395008714683968,2.3949127287819465,0.38113419411612476,1.2854555652597872,0.18207045226994498,1.6216117893083393,3.623691254329284,2.2496527667387696,6.209500245116605,0.0628718373666474,0.02396260706733722,0.011447103864387919,complete,complete,242
16,0.44,10,10,0.02,2.399384291760157,2.3993465471244235,2.3994220363958902,0.3778639882611832,1.3556542020907205,0.19270324087117482,1.7464885514988886,3.6144274109363845,2.3013237167839034,0.02340016994886973,0.06621344225043574,0.025019675365251185,0.012759544910895343,complete,complete,242
17,0.43,10,10,0.02,2.403798299363075,2.4037903174021267,2.403806281324023,0.3710587035486693,1.4204188504137019,0.20077149053334384,1.8636301723138633,3.603229990468708,2.343693524171531,0.10694952936081581,0.0695001169125963,0.025788623278068933,0.013953642064783618,complete,complete,244
18,0.42,10,10,0.02,2.408205423527761,2.408224638146862,2.40818620890866,0.36090978713691024,1.4811870376105851,0.2074177185197308,1.9826997453253483,3.5913057065242158,2.3806131434794295,0.1902462505388245,0.07260551596152286,0.02620404131063875,0.015059670472686968,complete,complete,243
19,0.41,10,10,0.02,2.412629969234331,2.4126254419271618,2.4126344965415,0.3480457913150433,1.5362061191889378,0.21112355468998112,2.094340604499111,3.5782822943130728,2.409585400635498,0.26281687307915735,0.07570373567775864,0.02634836658947038,0.01598284177959915,complete,complete,244
20,0.40,10,10,0.02,2.417012881100902,2.4169812493071277,2.4170445128946767,0.3325859001406798,1.5870718773195307,0.21226099426377618,2.2041282741633275,3.564534910379798,2.432956390899541,0.331362390943549,0.07871319124918269,0.026178897564554902,0.016707740236226284,complete,complete,244
21,0.39,10,10,0.02,2.421302910580664,2.421301948453447,2.421303872707881,0.31617910476126954,1.6302430688456422,0.21219002777970236,2.30827859370668,3.551454716693443,2.449967195052942,0.39627212942783707,0.08175168256976605,0.02584817380763611,0.017346891795516066,complete,complete,245
22,0.38,10,10,0.02,2.425648124875238,2.4256574620861784,2.4256387876642975,0.29791238989949087,1.6660412939834854,0.20956155498816806,2.4061026479335794,3.5377884538894584,2.458432894582817,0.45309739524278125,0.08476194818383963,0.025251634555984472,0.01776284566523196,complete,complete,245
23,0.37,10,10,0.02,2.429866733838878,2.4298624905868564,2.4298709770909,0.2788803411809363,1.6950868216536152,0.20542644205576316,2.5020358406723187,3.524612856570239,2.461127227614508,0.5095037960238615,0.08774290782330854,0.02446977206997173,0.01802471336976906,complete,complete,246
24,0.36,10,10,0.02,2.434086522556129,2.43414296095375,2.4340300841585076,0.26018280247815617,1.7134256527056513,0.20014959599870702,2.5902186219961774,3.5124442145816666,2.455128774689399,0.5611806513820055,0.09080869355815195,0.023626860379340062,0.0181753233288345,complete,complete,247
25,0.35,10,10,0.02,2.4382411911321356,2.4382631145782625,2.4382192676860086,0.23987606452932955,1.7241725319921795,0.1928136665651401,2.6788233721880097,3.499789871870074,2.4405669685527407,0.6118223734390593,0.0937165171455507,0.022480349314270138,0.018069825288548447,complete,complete,247
26,0.34,10,10,0.02,2.4423063995114944,2.4422580735239308,2.442354725499058,0.2210712201544546,1.7197424102949483,0.18505759254958665,2.7566490548996505,3.4884140446700553,2.413385192455472,0.6555205745506445,0.09674640298396986,0.021387845353220785,0.017903656424045608,complete,complete,247
27,0.33,10,10,0.02,2.44633808590487,2.446336347699912,2.4463398241098275,0.2020586133210048,1.702785817772206,0.17531959554333346,2.833013399891172,3.476957793092943,2.3735160967785056,0.6975161648108275,0.09970941965951535,0.020147147071443806,0.017481015126566732,complete,complete,247
28,0.32,10,10,0.02,2.4502653924378137,2.4503159116019333,2.450214873273694,0.18600879602108258,1.6670017455575383,0.16610525376918175,2.8979150672061778,3.468092488810688,2.3200014159993287,0.7358219192790676,0.10282558639580512,0.01912646352564552,0.01707987012224013,complete,complete,248
29,0.31,10,10,0.02,2.4541279626241135,2.454127962624625,2.454127962623602,0.16949738174866322,1.6158544154712509,0.1546802076653513,2.965862563489612,3.4577822356574974,2.2482335796066586,0.7728386561029321,0.10575290519062132,0.01792484054212493,0.01635788133609951,complete,complete,248
30,0.30,10,10,0.02,2.4578951284483423,2.457872823387447,2.4579174335092375,0.15598150786030038,1.5450287885376186,0.14342009181171367,3.0271513014227587,3.449079921433534,2.1600033242251016,0.8080204513641895,0.10874289017354698,0.016961879978356898,0.015595915292561205,complete,complete,249
31,0.29,10,10,0.02,2.461598496884392,2.4616234165686137,2.46157357720017,0.14453048287011142,1.456225076034964,0.13175311817916133,3.089024358672658,3.440807154812508,2.054654078480393,0.8450752087510107,0.11165474442639187,0.016137514126685296,0.01471086073767446,complete,complete,250
32,0.28,10,10,0.02,2.465224665357084,2.465251165142263,2.4651981655719055,0.1369334061747415,1.3445852465082622,0.11950378019727095,3.1355710342332657,3.4333712913738097,1.9281425220762962,0.8693142939955223,0.11464412945015943,0.015698611143548327,0.01370040684671933,complete,complete,249
33,0.27,10,10,0.02,2.4687393823838306,2.4687123484492304,2.468766416318431,0.13265284269186117,1.2204401059237746,0.10669973581397342,3.1777606255328514,3.426543071521311,1.7903409417868108,0.8910192257376117,0.11759871555747277,0.01559980391561036,0.01254775188204495,complete,complete,250
34,0.26,10,10,0.02,2.472152666376985,2.472151698086236,2.472153634667734,0.13254140167175063,1.0939495905796948,0.09422295064981508,3.207279849327751,3.42089884155127,1.652561966502649,0.9036057596223888,0.12058742036628266,0.01598282571932771,0.011362102558160756,complete,complete,250
35,0.25,10,10,0.02,2.4754974445829134,2.4755505873741868,2.47544430179164,0.13576502728014486,0.9707266820901026,0.08094555473955356,3.2267067484282688,3.4157155742139613,1.518972523338439,0.9074828567109785,0.12356033241867083,0.016775171901564613,0.010001659651432954,complete,complete,251
36,0.24,10,10,0.02,2.478754491623306,2.478746884950965,2.478762098295647,0.14099039880403672,0.8611875385877115,0.06839750710962372,3.2473981701662193,3.4104942844634833,1.398990800335092,0.9125104091974974,0.12636610592794933,0.017816407670094726,0.008643126628622379,complete,complete,251
37,0.23,10,10,0.02,2.48189556543457,2.4818807744287597,2.4819103564403804,0.14968026321036035,0.7637381832826282,0.05506146503812306,3.226836215874851,3.405709087587518,1.291971051278077,0.8775928642782329,0.12923501799787107,0.019343931509917,0.007115869425190982,complete,complete,252
38,0.22,10,10,0.02,2.4849297612585133,2.484964250556345,2.4848952719606814,0.16051313579271445,0.6890049376384146,0.04293207007827746,3.1542597062719846,3.40275274597938,1.2113251224175885,0.7961473298509514,0.13219500104826076,0.02121903415437751,0.005675405049001893,complete,complete,251
39,0.21,10,10,0.02,2.4878779533584634,2.487877963127744,2.487877943589183,0.17206170686533265,0.626776261429165,0.0315228962251469,3.01179212373912,3.3995654901746564,1.1427219345988915,0.6441179799039167,0.1350155296484262,0.023231002484635138,0.004256080529890583,complete,complete,252
40,0.20,10,10,0.02,2.4907228913324957,2.490736848404481,2.4907089342605104,0.18456540245598374,0.5775603863211778,0.022287327127967507,2.684520227938778,3.396981847829966,1.0883387748015236,0.3090951570695042,0.13781944273027577,0.02543670091377275,0.0030716270047238393,complete,complete,252
41,0.19,10,10,0.02,2.493483703155732,2.4934455584921125,2.493521847819352,0.19737594842574663,0.5399772584659353,0.018861562432627817,2.1143620854171896,3.395112084095373,1.0470161194770942,6.016513030523723,0.14058315518638562,0.02774773358759678,0.0026516179585238174,complete,complete,253
42,0.18,10,10,0.02,2.496128978029901,2.496124562425962,2.4961333936338406,0.21092202340174537,0.5111697531640518,0.023901064784238292,1.5697158964991198,3.3936602418658954,1.0153049297162564,5.46751131491722,0.14335519100916233,0.030236766952796215,0.0034263417074668436,complete,complete,253
43,0.17,10,10,0.02,2.4987084440657554,2.49870681045752,2.498710077673991,0.224732691510149,0.49030712614749206,0.033829687795763445,1.2994011617973111,3.3930945608972687,0.9933109407624432,5.195499537309532,0.14615166001957933,0.0328450559248763,0.004944265029294931,complete,complete,253
44,0.16,10,10,0.02,2.5011580911854026,2.5011833456378554,2.5011328367329497,0.23808541115219312,0.4733112623661615,0.044698900163523736,1.166474440818135,3.3924397190383977,0.9750053932633707,5.060608290753741,0.14880470792945732,0.03542823006876686,0.006651406783601122,complete,complete,252
45,0.15,10,10,0.02,2.5035228218133057,2.503543028284639,2.503502615341972,0.2515763770928316,0.4615606872898024,0.056509827873878975,1.1042021488983425,3.392292225902967,0.9629598319161499,4.997893519427657,0.15146750044330445,0.0381056450088334,0.008559402378537822,complete,complete,254
46,0.14,10,10,0.02,2.5057939219030914,2.5057931344204007,2.505794709385782,0.264775821207117,0.45342585662580515,0.06822208951545584,1.0758698575918473,3.3927953065430865,0.9558311625323919,4.971070470041521,0.15408954699551375,0.040799186345169804,0.010512310868523979,complete,complete,254
47,0.13,10,10,0.02,2.507962778307842,2.5079611721588435,2.507964384456841,0.27788938622496834,0.4482505216126409,0.08010536476334618,1.0660354656358013,3.3938068060408777,0.9526788265148101,4.964270576578848,0.1566898894269881,0.04354245720052388,0.012551700747277262,complete,complete,253
48,0.12,10,10,0.02,2.5100485178907093,2.5100609289563636,2.510036106825055,0.2906592203325501,0.4453982273349659,0.09181310294187572,1.064849510985617,3.3950836212509103,0.9523801626572004,4.966915067558762,0.15924224293458408,0.04628522617537274,0.014620524443248151,complete,complete,254
49,0.11,10,10,0.02,2.512036461519415,2.5120447031411004,2.5120282198977293,0.30299053851631813,0.44502435467604773,0.10321589987235107,1.070093363589252,3.3971682386130047,0.9561755247224708,4.978412772248679,0.161803361864834,0.04902488774517674,0.01670067959725049,complete,complete,255
50,0.10,10,10,0.02,2.51393268528534,2.5139326473508845,2.5139327232197957,0.3154882975872154,0.445143542179645,0.11486297514074421,1.0814436047589506,3.3992171963264153,0.9603926276528894,4.995909886558611,0.1642639050545884,0.05182333976070008,0.018867840842806755,complete,complete,255
51,0.09,10,10,0.02,2.5157398278731193,2.5157398617268427,2.515739794019396,0.32726530771114587,0.44667016241029156,0.12585381892143713,1.0928081022934837,3.4021792185525093,0.9678432923357239,5.016160450771425,0.16670707098986368,0.05455744088512157,0.02098072152528147,complete,complete,254
52,0.08,10,10,0.02,2.5174552947948428,2.5174571875645597,2.517453402025126,0.33860642582683875,0.4496869017283638,0.13649417509085246,1.1058291802582634,3.405045526667534,0.9765926478838454,5.037780453081279,0.16908602102843792,0.05725361323772107,0.02307925695967117,complete,complete,255
53,0.07,10,10,0.02,2.5190898499614605,2.5190936891070805,2.5190860108158404,0.3503191663955342,0.4533720941125088,0.14772669738545913,1.1233892712032887,3.4090420398988655,0.9882708667306535,5.067330083720298,0.17152285540550494,0.06008774372343823,0.025338504955178892,complete,complete,255
54,0.06,10,10,0.02,2.520628735019386,2.520633196160361,2.5206242738784113,0.3611218988352049,0.4566619630710802,0.1578572239627728,1.1381146156912019,3.4129789085073456,0.9994344729061853,5.0938660340336535,0.17375465165440654,0.06274660973688886,0.027428426960783223,complete,complete,254
55,0.05,10,10,0.02,2.522098255892729,2.5220984864170077,2.52209802536845,0.37208206462562016,0.4628518236227812,0.16871783004055171,1.1563664869233383,3.418313822063129,1.016294160569453,5.128122645933138,0.17624772640105002,0.06557861792487411,0.029736133947966016,complete,complete,255
56,0.04,10,10,0.02,2.5234810436851944,2.523481079076987,2.523481008293402,0.3825018015395033,0.4678763783800157,0.17870733572258,1.1731419290346157,3.4231814222838564,1.0310539157681422,5.159500888706598,0.1784687554579361,0.06826462048117363,0.03189367579761242,complete,complete,256
57,0.03,10,10,0.02,2.5247975037778474,2.5248021516014205,2.5247928559542743,0.3924169543358351,0.4725477150350317,0.18812801490135836,1.188451136041257,3.4289200276589917,1.047202463173429,5.1920259118386465,0.18061740265919257,0.07087733105156951,0.03397919341891322,complete,complete,255
58,0.02,10,10,0.02,2.5260088237910736,2.5259690231914647,2.5260486243906826,0.4026107093427151,0.4780070383279149,0.19810005436557448,1.20723304076658,3.4354810081830305,1.0657837475143896,5.230490758136085,0.18281283136436982,0.07360240371255909,0.03621523183200626,complete,complete,255
59,0.01,10,10,0.02,2.52715515529718,2.527183830822082,2.527126479772278,0.41160664280407405,0.48480968070532526,0.20684383503699752,1.2214058282636229,3.4419059141185206,1.0854362017627803,5.263938263439598,0.1849474229527234,0.07612558785683562,0.03825523424375093,complete,complete,256
60,0.00,10,10,0.02,2.5282098391479053,2.528240512585171,2.5281791657106396,0.42152539539424455,0.4910972205573332,0.2168513099450467,1.240817581935863,3.4502662291490274,1.1084443716758017,5.308430962203358,0.18718469864023543,0.07890310410607775,0.040591247101803854,complete,complete,256
