frame,gammac,zetac,m,maxStep,period,firstPeriod,secondPeriod,startTau,midTau,endTau,startSampleTau,midSampleTau,endSampleTau,maxAbsRefinementTau,status,message,storedRows,phaseRows
0,0.60,10,10,0.02,2.399642857140691,2.3799999999978354,2.4192857142835464,993.369361260137,995.7493612601348,998.1686469744184,993.3736469744227,995.7536469744206,998.1736469744184,0.0049999999999954525,complete,complete,50001,243
1,0.59,10,10,0.02,2.3916214574877017,2.3924736842084258,2.3907692307669777,993.5654260084275,995.9578996926359,998.3486689234029,993.559899692638,995.9598996926359,998.3398996926337,0.008769230769189562,complete,complete,50001,242
2,0.58,10,10,0.02,2.386878388023547,2.386888247515685,2.3868685285314086,993.8355439598566,996.2224322073723,998.6093007359037,993.8258256499975,996.2258256499953,998.6058256499931,0.009718309859181318,complete,complete,50001,242
3,0.57,10,10,0.02,2.3816367979293886,2.381636680123279,2.3816369157354984,994.1675975261179,996.5492342062412,998.9308711219767,994.1703256303167,996.5503256303145,998.9303256303124,0.0027281041988089783,complete,complete,50001,242
4,0.56,10,10,0.02,2.376512886315709,2.37651328259426,2.3765124900371575,994.5730283895294,996.9495416721237,999.3260541621609,994.572552569034,996.9525525690318,999.3325525690296,0.006498406868786333,complete,complete,50001,240
5,0.55,10,10,0.02,2.371500822399014,2.3715024846079586,2.3714991601900692,995.0780150797721,997.44951756438,999.8210167245701,995.0726214420538,997.4526214420516,999.8126214420495,0.008395282520609726,complete,complete,50001,240
6,0.54,10,10,0.02,2.3665883969314905,2.366589696443498,2.366587097419483,993.3976271866728,995.7642168831163,998.1308039805358,993.389901324341,995.7699013243389,998.1299013243367,0.00772586233176753,complete,complete,50001,240
7,0.53,10,10,0.02,2.362627231868771,2.3626262494601633,2.362628214277379,994.7345749819171,997.0972012313773,999.4598294456547,994.744438677393,997.1044386773908,999.4644386773887,0.009863695475814893,complete,complete,50001,239
8,0.52,10,10,0.02,2.364981327849989,2.3649585551207792,2.365004100579199,993.0282556765204,995.3932142316412,997.7582183322204,993.0356893107587,995.3956893107566,997.7556893107544,0.0074336342382821385,complete,complete,50001,240
9,0.51,10,10,0.02,2.369103333377325,2.3690512941168436,2.369155372637806,994.434985659096,996.8040369532129,999.1731923258507,994.4415777344535,996.8015777344514,999.1815777344492,0.008385408598542199,complete,complete,50001,240
10,0.50,10,10,0.02,2.3732315662830388,2.3731961892212894,2.373266943344788,993.6475361401584,996.0207323293797,998.3939992727245,993.6569899469862,996.016989946984,998.3969899469819,0.00945380682776431,complete,complete,50001,240
11,0.49,10,10,0.02,2.377551150136412,2.3775542742101834,2.377548026062641,992.9338248519394,995.3113791261496,997.6889271522123,992.9393897075324,995.3193897075303,997.6793897075281,0.009537444684156071,complete,complete,50001,241
12,0.48,10,10,0.02,2.3818052504425395,2.3818003649419097,2.3818101359431694,994.6444742631569,997.0262746280988,999.408084764042,994.6520727810553,997.0315974080836,999.4111158389213,0.007598517898372847,complete,complete,50001,241
13,0.47,10,10,0.02,2.3861839265161393,2.386234203204367,2.3861336498279115,994.0040165558434,996.3902507590477,998.7763844088756,994.0053953549291,996.3824069115954,998.7800125276694,0.007843847452363661,complete,complete,50001,242
14,0.46,10,10,0.02,2.3905719301154136,2.3905590122926696,2.3905848479381575,993.3796991432114,995.770258155504,998.1608430034422,993.3773660023065,995.7717097360519,998.1660550202425,0.005212016800328456,complete,complete,50001,242
15,0.45,10,10,0.02,2.394960721732957,2.395008714683968,2.3949127287819465,995.1586701773743,997.5536788920583,999.9485916208403,995.152459077072,997.5628854757455,999.9533488093113,0.009206583687159764,complete,complete,50001,242
16,0.44,10,10,0.02,2.399384291760157,2.3993465471244235,2.3994220363958902,994.5490247855188,996.9483713326432,999.3477933690391,994.5423336526288,996.9481682910842,999.3542527577616,0.006691132889955043,complete,complete,50001,242
17,0.43,10,10,0.02,2.403798299363075,2.4037903174021267,2.403806281324023,993.9359017705881,996.3396920879902,998.7434983693142,993.9405176878148,996.3412255905506,998.742151369753,0.004615917226715283,complete,complete,50001,244
18,0.42,10,10,0.02,2.408205423527761,2.408224638146862,2.40818620890866,993.3145935491618,995.7228181873087,998.1310043962173,993.3205298008453,995.7165036195029,998.1324006556631,0.006314567805816296,complete,complete,50001,243
19,0.41,10,10,0.02,2.412629969234331,2.4126254419271618,2.4126344965415,995.0933795051534,997.5060049470806,999.918639443622,995.0921676996709,997.5025691636532,999.912875519259,0.00576392436300921,complete,complete,50001,244
20,0.40,10,10,0.02,2.417012881100902,2.4169812493071277,2.4170445128946767,994.4476313425706,996.8646125918777,999.2816571047724,994.4431652778353,996.8680420487835,999.2728562819651,0.008800822807302211,complete,complete,50001,244
21,0.39,10,10,0.02,2.421302910580664,2.421301948453447,2.421303872707881,993.7820682181672,996.2033701666206,998.6246740393285,993.7722603608179,996.2112528652217,998.6301272093988,0.00980785734930123,complete,complete,50001,245
22,0.38,10,10,0.02,2.425648124875238,2.4256574620861784,2.4256387876642975,993.0933254228833,995.5189828849694,997.9446216726337,993.0917696292065,995.5249881872974,997.9381060069829,0.006515665650795199,complete,complete,50001,245
23,0.37,10,10,0.02,2.429866733838878,2.4298624905868564,2.4298709770909,994.8086578881805,997.2385203787674,999.6683913558583,994.8166123190299,997.2441648785796,999.6716604464468,0.007954430849395067,complete,complete,50001,246
24,0.36,10,10,0.02,2.434086522556129,2.43414296095375,2.4340300841585076,994.0696640779715,996.5038070389253,998.9378371230838,994.0731461487866,996.4949213844939,998.9368017042168,0.008885654431423973,complete,complete,50001,247
25,0.35,10,10,0.02,2.4382411911321356,2.4382631145782625,2.4382192676860086,993.2997619302447,995.738025044823,998.176244312509,993.2926015125523,995.7285611770991,998.1846226802868,0.009463867723866315,complete,complete,50001,247
26,0.34,10,10,0.02,2.4423063995114944,2.4422580735239308,2.442354725499058,994.9390513152331,997.381309388757,999.8236641142561,994.930233934406,997.3805843561313,999.8310709690633,0.008817380827053967,complete,complete,50001,247
27,0.33,10,10,0.02,2.44633808590487,2.446336347699912,2.4463398241098275,994.1049571461447,996.5512934938446,998.9976333179544,994.1010980450147,996.5461185563097,998.991025013548,0.0066083044064271235,complete,complete,50001,247
28,0.32,10,10,0.02,2.4502653924378137,2.4503159116019333,2.450214873273694,993.2341244596454,995.6844403712473,998.134655244521,993.2361003145941,995.6759426565778,998.1353949960223,0.008497714669488232,complete,complete,50001,248
29,0.31,10,10,0.02,2.4541279626241135,2.454127962624625,2.454127962623602,994.7792225678933,997.2333505305179,999.6874784931415,994.7883242789488,997.2424522416405,999.6965802042756,0.009101711134121615,complete,complete,50001,248
30,0.30,10,10,0.02,2.4578951284483423,2.457872823387447,2.4579174335092375,993.8343546585658,996.2922274819532,998.7501449154624,993.8263728368321,996.2958220657763,998.7453082131871,0.007981821733665129,complete,complete,50001,249
31,0.29,10,10,0.02,2.461598496884392,2.4616234165686137,2.46157357720017,992.8487566740629,995.3103800906315,997.7719536678317,992.856631509843,995.300973422622,997.7656869217043,0.009406668009546593,complete,complete,50001,250
32,0.28,10,10,0.02,2.465224665357084,2.465251165142263,2.4651981655719055,994.2866726180403,996.7519237831825,999.2171219487544,994.2837287420376,996.7437622792737,999.2237227876875,0.008161503908809209,complete,complete,50001,249
33,0.27,10,10,0.02,2.4687393823838306,2.4687123484492304,2.468766416318431,993.2205073753584,995.6892197238076,998.157986140126,993.2146160550396,995.6900178371679,998.1653361972743,0.007350057148300948,complete,complete,50001,250
34,0.26,10,10,0.02,2.472152666376985,2.472151698086236,2.472153634667734,994.5833616412535,997.0555133393398,999.5276669740075,994.5907890410837,997.0615698899638,999.5322668380734,0.007427399830135073,complete,complete,50001,250
35,0.25,10,10,0.02,2.4754974445829134,2.4755505873741868,2.47544430179164,993.4337475818015,995.9092981691757,998.3847424709674,993.4352052544208,995.9190395709098,998.3857942707093,0.009741401734117972,complete,complete,50001,251
36,0.24,10,10,0.02,2.478754491623306,2.478746884950965,2.478762098295647,994.7188812071947,997.1976280921457,999.6763901904413,994.7200668811721,997.2020184005938,999.6843738787351,0.007983688293734303,complete,complete,50001,251
37,0.23,10,10,0.02,2.48189556543457,2.4818807744287597,2.4819103564403804,993.4842048285018,995.9660856029305,998.4479959593709,993.4864995031811,995.9648050988094,998.4405307687775,0.007465190593393345,complete,complete,50001,252
38,0.22,10,10,0.02,2.4849297612585133,2.484964250556345,2.4848952719606814,994.6900610155345,997.1750252660909,999.6599205380516,994.689332658918,997.1836033464001,999.6581362270471,0.008578080309234792,complete,complete,50001,251
39,0.21,10,10,0.02,2.4878779533584634,2.487877963127744,2.487877943589183,993.3695873192352,995.8574652823629,998.3453432259521,993.3656898601774,995.8537561507998,998.3418373223494,0.0038974590577254276,complete,complete,50001,252
40,0.20,10,10,0.02,2.4907228913324957,2.490736848404481,2.4907089342605104,994.49553314583,996.9862699942345,999.476978928495,994.4880134661533,996.9948696058331,999.4820149650536,0.008599611598583579,complete,complete,50001,252
41,0.19,10,10,0.02,2.493483703155732,2.4934455584921125,2.493521847819352,993.089408373531,995.5828539320231,998.0763757798425,993.0796572862533,995.5830301044529,998.0667726397796,0.009751087277663828,complete,complete,50001,253
42,0.18,10,10,0.02,2.496128978029901,2.496124562425962,2.4961333936338406,994.135525223083,996.631649785509,999.1277831791429,994.1278926776739,996.6275993614579,999.1276969778265,0.007632545409137492,complete,complete,50001,253
43,0.17,10,10,0.02,2.4987084440657554,2.49870681045752,2.498710077673991,992.6445958091624,995.1433026196199,997.6420126972939,992.638848611108,995.1356940735373,997.6323507113825,0.0096619859114071,complete,complete,50001,253
44,0.16,10,10,0.02,2.5011580911854026,2.5011833456378554,2.5011328367329497,993.6117323017219,996.1129156473597,998.6140484840927,993.6084489503717,996.1224347653023,998.6158715493408,0.009519117942545563,complete,complete,50001,252
45,0.15,10,10,0.02,2.5035228218133057,2.503543028284639,2.503502615341972,994.5410502576134,997.044593285898,999.54809590124,994.5460555426548,997.0542371341446,999.544931210547,0.00964384824658282,complete,complete,50001,254
46,0.14,10,10,0.02,2.5057939219030914,2.5057931344204007,2.505794709385782,992.9270475342598,995.4328406686802,997.938635378066,992.9284459841703,995.4338470421727,997.9415053609213,0.002869982855258968,complete,complete,50001,254
47,0.13,10,10,0.02,2.507962778307842,2.5079611721588435,2.507964384456841,993.779526511019,996.2874876831778,998.7954520676346,993.7868979744003,996.2920220722656,998.7969641298153,0.007371463381332433,complete,complete,50001,253
48,0.12,10,10,0.02,2.5100485178907093,2.5100609289563636,2.510036106825055,994.5953452290647,997.1054061580211,999.6154422648461,994.5963580049605,997.095965340318,999.6183569677761,0.009440817703080029,complete,complete,50001,254
49,0.11,10,10,0.02,2.512036461519415,2.5120447031411004,2.5120282198977293,992.8629598429785,995.3750045461196,997.8870327660173,992.8650368118721,995.3846030998027,997.8843770425663,0.009598553683076716,complete,complete,50001,255
50,0.10,10,10,0.02,2.51393268528534,2.5139326473508845,2.5139327232197957,993.6050419103741,996.118974557725,998.6329072809448,993.5996225050761,996.1141613245492,998.6285844324955,0.005419405297971025,complete,complete,50001,255
51,0.09,10,10,0.02,2.5157398278731193,2.5157398617268427,2.515739794019396,994.3120797707319,996.8278196324587,999.3435594264781,994.3082640282544,996.8226625971216,999.3369421937999,0.006617232678195251,complete,complete,50001,254
52,0.08,10,10,0.02,2.5174552947948428,2.5174571875645597,2.517453402025126,992.4671930818596,994.9846502694242,997.5021036714493,992.4674978966077,994.9799298745043,997.512081890417,0.009978218967717112,complete,complete,50001,255
53,0.07,10,10,0.02,2.5190898499614605,2.5190936891070805,2.5190860108158404,993.1042629063935,995.6233565955006,998.1424426063164,993.0975806324955,995.6275058069426,998.1353200214851,0.007122584831336098,complete,complete,50001,255
54,0.06,10,10,0.02,2.520628735019386,2.520633196160361,2.5206242738784113,993.7081918591144,996.2288250552748,998.7494493291532,993.7057583071405,996.2337912929518,998.7588466281902,0.009397299037004814,complete,complete,50001,254
55,0.05,10,10,0.02,2.522098255892729,2.5220984864170077,2.52209802536845,994.2796145206148,996.8017130070318,999.3238110324003,994.2820024550117,996.8048125558003,999.3277134815837,0.0039024491834425135,complete,complete,50001,255
56,0.04,10,10,0.02,2.5234810436851944,2.523481079076987,2.523481008293402,994.8191919926647,997.3426730717417,999.8661540800351,994.8129407852452,997.3365899722714,999.8602264122962,0.006251207419495586,complete,complete,50001,256
57,0.03,10,10,0.02,2.5247975037778474,2.5248021516014205,2.5247928559542743,992.8028302946832,995.3276324462846,997.8524253022389,992.8121216107629,995.3338352275088,997.8557373932007,0.00929131607972522,complete,complete,50001,255
58,0.02,10,10,0.02,2.5260088237910736,2.5259690231914647,2.5260486243906826,993.279630301556,995.8055993247475,998.3316479491382,993.2751337793147,995.8148592594465,998.3320283804642,0.00925993469900277,complete,complete,50001,255
59,0.01,10,10,0.02,2.52715515529718,2.527183830822082,2.527126479772278,993.7267189569711,996.2539027877932,998.7810292675655,993.7188822583917,996.2568097597621,998.7746501969845,0.007836698579467338,complete,complete,50001,256
60,0.00,10,10,0.02,2.5282098391479053,2.528240512585171,2.5281791657106396,994.1449177728178,996.673158285403,999.2013374511137,994.1392699830582,996.6756274523859,999.2089883017644,0.007650850650747998,complete,complete,50001,256
