Phase,tau,R,V,P,L
0.0,5.738727602280925,1.0774682306135746,0.720025645946948,1.0254030318529674,1.6377327730035345
0.005313841420811702,5.76356821410199,1.095244346687318,0.7109751273100828,1.0082881482336148,1.629266147455023
0.011045109890160968,5.790360171937206,1.1141477026442534,0.699957572994665,0.9899040304202368,1.6118488086899578
0.017690057603075758,5.821423305673436,1.1356762076438385,0.685971247556968,0.9689872387197348,1.5843619341961774
0.02377731868507539,5.849879421996217,1.155003854870433,0.6723386010524576,0.9504123638813443,1.5550733089816222
0.02986457976707502,5.878335538318998,1.173935375405261,0.6581640648664641,0.9325337299429153,1.5238957074360855
0.0355204010346779,5.904774803158103,1.191158871257687,0.644666579263964,0.9166144636712192,1.494479400883107
0.04090567145809916,5.929949324101793,1.207224206000697,0.6316270019801283,0.9021063049394896,1.466815383211189
0.04614837697304742,5.954457396939445,1.2225474971339725,0.6188300775345973,0.888599383069144,1.4406553289608135
0.051308224451417216,5.978578133355119,1.2373217406091903,0.6061905317090444,0.875896558474745,1.4159230908078766
0.05641987850498853,6.002473579992091,1.2516572660287897,0.5936660001413575,0.8638785939784683,1.3925714873448807
0.061505984123125475,6.0262495953707695,1.265624385841627,0.5812325060911453,0.8524636329752223,1.370553242354972
0.06658242027755581,6.049980408912315,1.2792707584379857,0.5688753115602754,0.8415908974850932,1.3498155906590346
0.0716608781893373,6.073720673561935,1.2926299609112981,0.5565847508290765,0.8312127542395384,1.3303005262013232
0.07675028427438861,6.0975121176316405,1.3057262398137417,0.5443540984312052,0.8212903843100516,1.3119464022817606
0.08185765286529144,6.121387531018429,1.3185773641443828,0.5321783868150003,0.8117912206027446,1.2946896476284524
0.08698862991997834,6.145373306879011,1.331196443984448,0.520053710488669,0.8026873353385758,1.2784662423726696
0.09214785720354621,6.1694911440703555,1.343593144597334,0.5079767970134436,0.7939543739353572,1.2632128803194922
0.09733922641870872,6.193759235133182,1.3557745273827044,0.49594473213709706,0.7855708203151092,1.2488678359192447
0.10256606294223103,6.218193125204586,1.3677456500863263,0.48395477757226507,0.7775174721404807,1.2353715807655035
0.10783126296170442,6.242806353091244,1.3795100058205438,0.4720042461851602,0.7697770539989165,1.2226671976127688
0.1131373989036345,6.267610944114051,1.391069850677022,0.460090413553848,0.7623339241967305,1.21070063518614
0.11848680278551445,6.292617799754011,1.4024264520943288,0.44821045294202855,0.7551738469910836,1.1994208403329898
0.12388163391839617,6.317837014141414,1.4135802793593073,0.4363613854692636,0.7482838118554221,1.1887797973719496
0.12932393536143127,6.34327813796385,1.4245311507861846,0.4245400401298428,0.7416518874686011,1.1787324985888539
0.13481568222229376,6.36895040425617,1.435278347673358,0.4127430200820983,0.7352671020121144,1.1692368648528666
0.14035882403422167,6.394862926500423,1.445820702172068,0.40096667274069375,0.7291193439064153,1.1602536312376486
0.14595532287464097,6.421024876818967,1.4561566641991992,0.3892070618803616,0.7231992788029276,1.151746209194934
0.15160718852036467,6.44744565031446,1.4662843511441557,0.37745994036116787,0.7174982797870819,1.143680534130758
0.1573165116899847,6.474135020468054,1.4762015831288857,0.36572072232364966,0.7120083685404557,1.1360249050773312
0.1630854962844652,6.50110328985448,1.4859059058766737,0.35398445379565274,0.7067221657595344,1.1287498214101228
0.16891649147508714,6.528361440143543,1.495394602727776,0.3422457806428186,0.7016328495210973,1.1218278201601972
0.17481202445916508,6.5559212852232625,1.5046646968955966,0.33049891276086507,0.696734120598953,1.115233316384616
0.18077483475611636,6.583795631523682,1.513712944737052,0.3187375832442251,0.692020173956292,1.10894244815337
0.1868079109936274,6.6119984499811455,1.5225358204877821,0.306955001082336,0.6874856758390615,1.1029329270160186
0.19291453126881006,6.640545064714576,1.531129492614749,0.29514379566058707,0.6831257460656732,1.0971838942419132
0.1990983083676305,6.669452364412716,1.5394897916350083,0.2832959509672523,0.6789359452652859,1.0916757826566
0.20536324139144954,6.698739043672687,1.5476121689020905,0.2714027269233901,0.6749122669800314,1.086390183501596
0.21171377571348382,6.728425883278432,1.5554916454720005,0.25945456458182603,0.671051134713147,1.0813097173758266
0.2181548736970425,6.758536080787222,1.5631227496836053,0.24744097103826282,0.6673494041949742,1.0764179079523397
0.22469209930086842,6.789095646034196,1.5704994414783884,0.23535037867495867,0.6638043713685459,1.0716990567682285
0.23133172067969038,6.8201338807591165,1.5776150207134947,0.22316997162831362,0.6604137868718469,1.0671381168938527
0.2380808362691804,6.851683968015656,1.5844620156821794,0.21088546994877663,0.6571758781549468,1.0627205626521183
0.24494753180172557,6.883783706172942,1.5910320466074017,0.1984808584948813,0.6540893808648696,1.0584322516971196
0.2519410785952878,6.916476435856395,1.5973156568816058,0.18593804253644794,0.651153581795091,1.0542592744984487
0.25907218774412644,6.94981222821297,1.6033021019212421,0.17323640455495976,0.6483683766587996,1.0501877844310774
0.26635334133019006,6.983849433224883,1.6089790811767348,0.16035222540730978,0.6457343473715,1.0462037988868786
0.2737992319727813,7.018656734472208,1.6143323923102109,0.1472579152434769,0.6432528656596976,1.0422929574442565
0.28142735830611637,7.054315932811529,1.6193454762088075,0.13392097124284097,0.6409262331876547,1.0384402161717232
0.28925885082364633,7.090925806949968,1.6239988046358727,0.12030253253612602,0.6387578738850287,1.034629445671936
0.2973196478460972,7.128607610742395,1.6282690334840833,0.10635532390846976,0.6367526035732302,1.0308428811540542
0.3056422177575818,7.167513124127717,1.632127792152619,0.09202064705355611,0.6349170193376624,1.027060340286395
0.31426813732200115,7.207836705983259,1.6355398750812913,0.07722387952867299,0.6332600870643824,1.0232580758082623
0.32325183910683614,7.249832812204887,1.6384603567379514,0.06186792535795055,0.6317940992376727,1.019407123480292
0.3326636424205986,7.293830164428784,1.640829363928991,0.04582777108201912,0.6305365549054677,1.015471880589374
0.3425519937647715,7.340055235491102,1.6425590233944214,0.02901405202816595,0.6295164777632715,1.0114249088111513
0.34915446602383016,7.370919809244523,1.6432814845386254,0.017802358448249466,0.6290047746913572,1.008761747220532
0.3536557053855302,7.391961750627977,1.6435757024126072,0.010162953098652523,0.6287329643575951,1.0069600811047406
0.35636879215569023,7.404644615989834,1.6436754035886283,0.005559315033018948,0.6285991528550534,1.0058785584525696
0.35798539007456553,7.412201725469286,1.6437070516816799,0.0028164141531566095,0.6285301271119789,1.0052354452546386
0.3587145215481416,7.415610196002616,1.643714543030104,0.0015793117401536924,0.6285016071677683,1.0049456549592364
0.3594436530217177,7.419018666535946,1.6437178177640823,0.000342215790980555,0.6284747103023642,1.0046559983748926
0.3595880454624784,7.419693657806251,1.6437179660749963,9.72296378129104e-05,0.6284695763104159,1.0045986459805698
0.3597324379032391,7.420368649076556,1.643717949022391,-0.00014775653646461993,0.628464505951163,1.0045412948374877
0.35989148739738847,7.421112157666975,1.6437177388446038,-0.0004176109572200867,0.6284589945432882,1.0044781424008253
0.36026405419872887,7.422853795506085,1.643716461052732,-0.0010497343337978896,0.6284463863679199,1.0043302771334917
0.36099177539195393,7.426255673402566,1.6437107898228895,-0.002284443153419943,0.6284229797015569,1.0040416787808566
0.36228683681000284,7.432309696363093,1.643690308418825,-0.00448177865532194,0.6283853138837221,1.0035286917315829
0.36441784745433403,7.442271530751877,1.6436276515944508,-0.008097639903690258,0.6283344369568789,1.0026859590798183
0.36772327699681384,7.457723420574001,1.6434591919157984,-0.013706951054349326,0.628282795399666,1.0013813746708462
0.3726252931437978,7.480638872994337,1.643049754347949,-0.022028319456366564,0.628267144693092,0.9994503018961243
0.3796687993228216,7.513565147791916,1.6421274898198444,-0.03399373162255769,0.6283718406615387,0.9966778227391807
0.3896425877372463,7.56018961148363,1.64014707817246,-0.050964191354328156,0.6287764646394718,0.9927425194595195
0.40380968511065257,7.626416534459864,1.6359715796503767,-0.07515146801685514,0.6298691734759987,0.9870966409331988
0.4191063716219118,7.697923947211498,1.629659563035873,-0.10142124992219978,0.631737746559485,0.9808655001033535
0.4342878501878014,7.768892797438775,1.6215305332491943,-0.12770613649566034,0.634311742927361,0.974468809986434
0.446489778136194,7.825933143890876,1.613639009345387,-0.14902520400731048,0.6369125635889763,0.9691197799028821
0.45869170608458665,7.882973490342978,1.6045257283391114,-0.17054976522215468,0.6400010201354026,0.9635371044581975
0.46989048589316085,7.935324420689687,1.595075666151076,-0.19051323313219753,0.6432779110075519,0.9581658573274391
0.4803485273870393,7.984212622008714,1.5853019716972034,-0.209360047363374,0.6467331779400408,0.9528983318905307
0.4903108531510952,8.030783501254506,1.5751299030024883,-0.22751721759519278,0.6503920029877401,0.947619914918918
0.4999092098493058,8.07565293449099,1.5645250200392147,-0.24521781835432313,0.6542685399471828,0.9422605439123201
0.5092272550241171,8.11921199558982,1.5534654866206985,-0.2626132678538944,0.6583742765165556,0.9367675762807229
0.5183237064246256,8.16173517238321,1.54193343274924,-0.2798131588986037,0.6627206011521449,0.9310960152524036
0.5272426495890848,8.203428551514692,1.5299116146687834,-0.29690299524242864,0.6673198060167416,0.9252039753688074
0.5360189328256222,8.244455038352767,1.5173817876552305,-0.31395350882536494,0.6721856224598487,0.9190500796527951
0.544681305489246,8.284949027492852,1.504323731250341,-0.331026124025491,0.677333604968678,0.9125916827544748
0.5532543980055932,8.325025658773303,1.4907145245331364,-0.3481764537755763,0.6827814837657702,0.9057834518194572
0.5617600625061265,8.364787084342094,1.4765278880107635,-0.3654567162311384,0.6885495443812139,0.8985760674713807
0.5702183454196775,8.404327015230015,1.4617334894570704,-0.3829175351238062,0.694661072465969,0.8909148991905933
0.5786482474275042,8.4437342739122,1.4462961391313471,-0.4006093863941208,0.701142898440295,0.8827385442225452
0.5870683690762549,8.483095812354726,1.4301748029410093,-0.41858385243425866,0.7080260817280843,0.873977125216994
0.5954975127317074,8.522499525967449,1.4133213488149245,-0.43689479172564966,0.7153467868264414,0.8645502285934497
0.6039553011755826,8.562037145358225,1.3956789119831412,-0.45559950255017084,0.7231474249265325,0.8543643341851337
0.6124628757252936,8.601807499832947,1.3771797129202774,-0.474759943318093,0.731478169913559,0.8433095320788436
0.621043752827867,8.64192052171472,1.3577420738298962,-0.49444406169711347,0.7403990154539728,0.8312552330079392
0.6297249535221013,8.682502526240045,1.3372662279055363,-0.5147272740574919,0.7499826384739008,0.8180444306181199
0.6385385889792647,8.72370362348512,1.3156282446290815,-0.5356941156524796,0.7603185093037849,0.8034858213968873
0.6475242188906928,8.765708743119164,1.2926708861305567,-0.557440028576335,0.771519015500144,0.7873426363190917
0.6567325679665312,8.80875500791922,1.268189202828536,-0.5800731086950551,0.7837290124323172,0.7693161833765743
0.6662317524997423,8.853160841085788,1.241906562109206,-0.6037152024679221,0.7971415727816885,0.7490203837765387
0.6761184091368011,8.89937798990161,1.2134321542762454,-0.6285002789845334,0.8120257217489611,0.7259400063864444
0.6865386572494645,8.948089518520453,1.1821812207879703,-0.6545617114616878,0.8287785022349331,0.6993585936596783
0.6977247434791861,9.000381110200475,1.1472325784235509,-0.6819629858128291,0.8480203123471677,0.6682452701251068
0.7099766338157457,9.057655015803448,1.1073521503032473,-0.7102251398750438,0.8706115688364718,0.6313770710916216
0.722822970924758,9.117707781435053,1.0639065516787538,-0.7357209001229014,0.8959616237670076,0.5905341183641261
0.7329374914872947,9.164990125628865,1.028750448285328,-0.7502816734184706,0.9170192643042175,0.5581702414185126
0.7411068765031318,9.203179545659438,0.9999640159369003,-0.7562042731360218,0.9346214778648876,0.5332420303201988
0.7480363590411826,9.235572794199827,0.9754665568302323,-0.7552104653720311,0.9498670934819216,0.5140884770604478
0.754090081663217,9.263872128300653,0.9541786597898105,-0.748166996164219,0.9633347422647431,0.4997982460761521
0.7594850024854765,9.289091761958945,0.9354546436825092,-0.7355982565516673,0.9753782468396341,0.48975129287862973
0.7648799233077359,9.314311395617237,0.9171380438793753,-0.7155969537765017,0.9873836487918828,0.48295770086837464
0.7697600660093421,9.337124596253451,0.9010927854219523,-0.6897178270448867,0.9981411481103502,0.480175260186868
0.7741842031227566,9.357806107795568,0.8871357459436975,-0.6587061574060431,1.0077522660943137,0.4807688369861175
0.7782447749756644,9.37678806099699,0.8749593076531907,-0.623023288757666,1.0164114551889287,0.4840772351320096
0.7820106194608045,9.394392252320332,0.8643329139184305,-0.5830892453821077,1.0242708046099698,0.4894993220809152
0.7855325270078186,9.410856111761529,0.8550844897254847,-0.5393303025737768,1.0314487360658753,0.49647800307680745
0.788848711577056,9.426358278101835,0.8470814908377013,-0.4921981966416478,1.0380401211168961,0.5044945421920252
0.7919881570079857,9.44103424208106,0.8402186033832846,-0.4421825607241981,1.044122508227774,0.5130710955930156
0.7949726558801257,9.454985877459729,0.8344093296942156,-0.38981980571641084,1.0497599050304813,0.5217778796757031
0.7978180517227533,9.4682872479762,0.8295797268397567,-0.335699194749074,1.055005048283371,0.5302424974088042
0.8005349549498791,9.480987954127517,0.8256633570513149,-0.280466363576905,1.059900651159855,0.5381591465002413
0.8031290615820087,9.49311462309788,0.8225969345894747,-0.2248248381501207,1.0644798696135216,0.5452951341551058
0.8056010891128966,9.50467060895498,0.8203163811480665,-0.1695374573379827,1.0687660468608322,0.5514914656209986
0.8079461826221366,9.515633216404833,0.8187530830340465,-0.11543304092967838,1.0727715516614265,0.5566528088841554
0.8101519796163352,9.525944654505782,0.8178301075468667,-0.0634395649938861,1.0764944631757283,0.5607160521223984
0.8113465712879911,9.531529011593305,0.8175552578334038,-0.03496698299917425,1.078496099184887,0.5625123205948276
0.8120672448290401,9.534897943833698,0.8174665012470038,-0.017716652187890532,1.079699720917003,0.5634080402894288
0.8123834876228312,9.536376283863005,0.8174459141069572,-0.010133897153448403,1.08022712801472,0.563738007781161
0.8126997304166222,9.537854623892311,0.8174365416683251,-0.002544825087322183,1.0807541598933839,0.5640080988345566
0.8127826017412533,9.538242022431943,0.8174359411826527,-0.0005552101208729284,1.0808922181689753,0.5640619987912404
0.8128469454927784,9.538542810134881,0.8174360065399694,0.0009898172584787235,1.080999400148283,0.5640969609504592
0.8129073679447284,9.538825266940666,0.8174364910452566,0.0024408607052003603,1.0811000413429979,0.5641382922697025
0.8130658701559651,9.539566217147929,0.8174397099993426,0.006248030770329309,1.0813639956158063,0.564271397703028
0.8133697341481168,9.540986689999428,0.8174537704321693,0.013549307173552266,1.0818697656322531,0.564595202183616
0.8139111654197354,9.543517718492938,0.8175045338687162,0.026564427383915214,1.0827699090085328,0.565335126028825
0.8148007890256689,9.547676441516794,0.8176594818105984,0.0479514595824033,1.084245245321871,0.5669031466453889
0.8161710549010966,9.55408202271646,0.818072040691754,0.08084507974434518,1.0865063218941735,0.5700244310866293
0.8180043656469493,9.562652199539341,0.8189527227757295,0.1246166972772317,1.0895043744069948,0.575377763560557
0.8200555622344027,9.572240927196525,0.8203802930093104,0.1730196266795237,1.0928131421142877,0.5828686728352461
0.8222460245448809,9.582480680259188,0.8224125744432723,0.22372273346141885,1.096281701618643,0.5926092191349744
0.8245546924975297,9.593273009177938,0.8251090558952008,0.275701439528757,1.0998502834411166,0.6048875349347638
0.8269708327334245,9.604567738725203,0.8285211439920325,0.32812349425340587,1.1034708345847903,0.6200771097089895
0.8294888297502457,9.616338618115108,0.8326928718698329,0.38024351066005213,1.107096668328868,0.638633321678618
0.8321069582278054,9.628577581994238,0.8376629585876171,0.4313895584996399,1.1106781569343445,0.6610971147551497
0.8348268251885853,9.64129214270978,0.8434669908806237,0.48096142652596807,1.1141589218496997,0.6880960815701909
0.8376530543681666,9.654503914836134,0.8501395245395785,0.5284299391800129,1.1174717004551757,0.7203395551724168
0.8405930927811897,9.668247710928899,0.8577159862362228,0.5733347417618405,1.1205335762722377,0.7586034299249187
0.8436570952230982,9.682571001605236,0.8662342928199075,0.6152802465097543,1.1232404197480756,0.8036984126510486
0.8468578738050477,9.697533679634729,0.8757361526414256,0.6539303499018378,1.1254605319098656,0.8564128935634507
0.8502109240478806,9.713208181920876,0.8862680922406405,0.6890028780001964,1.1270277008000666,0.9174193857864603
0.8537345914502904,9.729680268157209,0.8978824535048321,0.7202648559748757,1.1277342079433232,0.9871334810885787
0.8574505913325117,9.747051450940319,0.9106391893655933,0.7475297505417815,1.1273246576239258,1.0655206598906828
0.8613854581415963,9.765445770836514,0.9246107353221764,0.7706573169873937,1.125491318072524,1.1518648786117052
0.8655739994052222,9.785025942577949,0.9398943140085508,0.7895532935424437,1.1218698318077094,1.24453985540432
0.8700642718423183,9.806016616884465,0.9566302594873518,0.8041545503350814,1.1160329248411713,1.3407950882695792
0.8749023443132414,9.828633151834435,0.9749427270022379,0.8143627015565452,1.1075243185146584,1.436170427862573
0.8799743333770941,9.85234317656389,0.9943272721072635,0.8199935648082906,1.096302567925465,1.5222025650661455
0.8849105036017334,9.875418289033888,1.0132721941023828,0.8214356478200165,1.0833959735658183,1.589081927020764
0.8896287470037193,9.89747465909548,1.031377087122035,0.8198224586254583,1.069548175041434,1.636294948662496
0.8942365333831684,9.919014675769294,1.0489983116014272,0.8159833063823727,1.054919430225864,1.6669609172394
0.8988337870932427,9.94050545537887,1.0664769462410546,0.8103694375353396,1.0395432028252607,1.6836631739826233
0.9035079616515345,9.962355816838977,1.0841079633915016,0.8032109723577542,1.0234023796119474,1.6883777264395599
0.908355165151197,9.985015036604409,1.102212314215838,0.7945761197006715,1.0064026884029014,1.682613123348403
0.9135150509979834,10.0091359523809,1.1212566765356915,0.7843433107253869,0.9882847627210809,1.6673401930662721
0.9192836942835351,10.036102626250647,1.1422427434574112,0.7719607679146105,0.9682820870960513,1.6423984284398454
0.9254498904864403,10.064927740543482,1.1642942250498505,0.7579486443877774,0.9474543826095407,1.6099967859192874
0.9308404703210336,10.09012708138891,1.1832347995038919,0.7452562995492644,0.9298659313788221,1.57909710573887
0.9362310501556268,10.11532642223434,1.2018519574746518,0.7323006730161618,0.9129408550153926,1.547322746494214
0.9413272797331679,10.13914976408096,1.2191504023314033,0.7199095246185544,0.8975903023185834,1.5174044894655658
0.9462499308095893,10.162161678595574,1.2355785237180972,0.7078775504184248,0.8833779179827578,1.4891860970496962
0.951072346263914,10.184705021697914,1.2514034539144048,0.6960800876237015,0.8700415231496406,1.4625352541561234
0.9558337585529523,10.206963193334127,1.2667675074868359,0.6844583769677551,0.8574347310351693,1.437389474146088
0.9605585524114822,10.229050184811635,1.2817582507421155,0.6729798699169052,0.845461472130772,1.413695325299713
0.9652631932502027,10.251042966977561,1.2964339331399886,0.6616248082479128,0.8340524668165271,1.3913959053733453
0.9699594028222872,10.272996335505578,1.3108352228579836,0.6503804297402621,0.8231545098507104,1.3704292070813222
0.9746558361824135,10.294950750175442,1.3249914356679366,0.6392380846949172,0.8127248664606964,1.3507292659514978
0.9793590547981544,10.31693688387632,1.338924163289608,0.6281916607442195,0.8027280570774512,1.3322278586671694
0.984074131496164,10.338978450548423,1.3526495346878362,0.6172366627279868,0.7931338817405156,1.3148560859476341
0.9888050470796558,10.361094059250535,1.366179700150987,0.6063696473148369,0.7839161389426421,1.2985456625292116
0.9935549617468195,10.383298482959546,1.379523846061717,0.5955878615361324,0.7750517569800229,1.2832298985400423
0.9983264075947701,10.405603558468568,1.392688912351901,0.5848890041414603,0.7665201821072705,1.2688444079928407
1.0031214294024364,10.428018844504633,1.4056801139927209,0.5742710637934444,0.7583029329453804,1.2553275923464482
1.0079416904046774,10.450552116190899,1.4185013289666957,0.5637322068345155,0.7503832661877476,1.2426209453451265
1.0127885536850667,10.473209745533465,1.4311553925589622,0.5532706979232944,0.7427459191138724,1.2306692193151785
1.0176631461616763,10.495997000535676,1.4436443242012957,0.5428848429862013,0.73537690659776,1.2194204862035227
1.0225664098520482,10.51891828484646,1.455969504584712,0.5325729476675461,0.728263357813159,1.208826120281654
1.0274991436320509,10.541977332970442,1.468131815281417,0.5223332867873983,0.7213933825926735,1.1988407239626555
1.032462037740022,10.56517737156443,1.4801317495273802,0.5121640817832868,0.714755960466048,1.1894220136147142
1.0374557026273663,10.588521254305299,1.4919695003966245,0.5020634840674026,0.7083408474324948,1.1805306785395024
1.0424806933222555,10.612011575782965,1.5036450309653036,0.49202956283891586,0.7021384968722731,1.1721302232648225
1.0475375301680583,10.635650768446313,1.515158129915783,0.4820602963042069,0.69613999193204,1.1641868008918137
1.0526267165991163,10.659441185699606,1.5265084552518244,0.4721535655074744,0.6903369873471856,1.1566690432918614
1.0577487544684148,10.683385173554743,1.5376955682148359,0.4623071501602214,0.6847216591213452,1.1495478924241513
1.0629041573440963,10.707485132788461,1.5487189590818287,0.4525187259721036,0.679286660804926,1.1427964358309823
1.0680934621260314,10.731743573246318,1.5595780662254604,0.44278586305908574,0.6740250853499135,1.136389748416179
1.073317239278626,10.756163161677982,1.5702722895672832,0.4331060250733662,0.6689304317063979,1.1303047418866388
1.078576101951808,10.780746764375115,1.580800999391511,0.42347656872117845,0.6639965754568836,1.1245200226620593
1.083870714220128,10.805497485686685,1.5911635412999936,0.4138947433979626,0.659217742914762,1.1190157586549159
1.0892017986616083,10.830418703447808,1.601359237984732,0.4043576906759784,0.654588488194939,1.113773554995187
1.094570143476575,10.855514102258157,1.6113873883703158,0.39486244341380833,0.6501036728492753,1.1087763385561447
1.099976609339734,10.880787705513344,1.6212472645903488,0.3854059242675385,0.6457584477218614,1.1040082509749594
1.1054221361592935,10.906243907001798,1.6309381071553064,0.3759849434172981,0.6415482367451145,1.0994545497663577
1.1109077499207671,10.931887502897485,1.640459118610818,0.3665961953159368,0.6374687224379876,1.0951015170517928
1.116434569783645,10.957723724934711,1.6498094559035337,0.35723625428398303,0.6335158329153442,1.0909363753962804
1.1220038156007888,10.983758275559037,1.65898822161169,0.34790156877290146,0.6296857302527122,1.0869472102283144
1.1276168160374125,11.00999736588107,1.6679944541448892,0.33858845410803,0.6259748000804011,1.0831228983160475
1.133275017470224,11.03644775727728,1.6768271169565292,0.3292930835179165,0.6223796423122241,1.079453041786454
1.1389799938634886,11.063116807557629,1.6854850867673308,0.3200114772315455,0.6188970629366145,1.075927907187879
1.1447334578450619,11.090012522742692,1.6939671407602053,0.3107394893844797,0.6155240668163202,1.0725383691116488
1.150537273226277,11.117143615590372,1.7022719426484305,0.30147279244483915,0.6122578514679428,1.0692758579130037
1.1563934692510371,11.144519572206125,1.7103980274780277,0.2922068588077153,0.6090958018090783,1.0661323110870133
1.1623042569152444,11.172150728331383,1.7183437849832295,0.2829369391240903,0.6060354858765349,1.063100127867464
1.1682720477472635,11.200048357136582,1.7261074412373187,0.2736580368603085,0.6030746515467789,1.060172126635922
1.1742994755480092,11.228224770849536,1.7336870383109122,0.2643648784253512,0.600211224297728,1.0573415047205372
1.1803894216662287,11.256693438909785,1.7410804115321912,0.25505187809751884,0.5974433060908728,1.0546018001781665
1.1865450445591728,11.285469126155855,1.7482851638970032,0.24571309672927247,0.5947691754629534,1.0519468551247166
1.1927698145322072,11.314568055222495,1.7552986370124994,0.23634219301157153,0.5921872889686383,1.0493707801738352
1.1990675548330108,11.344008098643707,1.7621178778648594,0.226932365676643,0.5896962841374364,1.0468679194858428
1.2054424905464782,11.37380900742173,1.7687396004587732,0.21747628464428867,0.5872949841812757,1.0444328158901117
1.2118993071953152,11.403992684967202,1.7751601411731022,0.20796600847037447,0.5849824047414507,1.0420601754421783
1.2184432214984142,11.434583517873309,1.7813754063227702,0.19839288469496522,0.5827577630636684,1.0397448306637962
1.22508006752942,11.465608778681187,1.7873808099877666,0.18874742858461474,0.5806204901060831,1.0374817015350573
1.2318164026033425,11.497099120868022,1.7931711995698525,0.17901917425208555,0.5785702462483758,1.0352657530585485
1.2386596387428503,11.529089193412458,1.7987407656999217,0.16919649001785722,0.5766069414971262,1.0330919478606004
1.2456182077775113,11.561618412583943,1.804082931952728,0.159266346817971,0.5747307613967299,1.0309551917753583
1.2527017713420079,11.594731943621273,1.8091902181431503,0.1492140240022326,0.5729422003075344,1.02885026959661
1.259921491858364,11.628481967493078,1.8140540685243425,0.13902273018085604,0.5712421043698027,1.0267717670373229
1.2672903878941906,11.66292934209083,1.8186646324789066,0.1286731066494011,0.5696317274717467,1.024713973203301
1.2748238089376644,11.698145821659201,1.8230104796628444,0.11814256478202492,0.5681128050361096,1.0226707551162935
1.2825400832211393,11.73421708517677,1.827078222432511,0.10740438304986723,0.5666876528750655,1.0206353914196138
1.290461423520111,11.771246970693989,1.830852003511762,0.09642644602341038,0.5653593023097736,1.0186003449879335
1.2986152293646223,11.80936356278019,1.8343127810126474,0.08516943372538038,0.5641316896295662,1.0165569415263966
1.3070360173282414,11.848728216044496,1.8374372956306106,0.0735841407834782,0.5630099306398546,1.0144948992445266
1.3157683613109703,11.88954930007486,1.840196509911858,0.06160739662508825,0.5620007371574914,1.0124016191087244
1.324871310218799,11.932102850762456,1.8425530870742548,0.049155934377189986,0.5611130982722425,1.0102611228681697
1.3344226157492807,11.976752333928788,1.8444567632982618,0.03612044567200927,0.56035960376688,1.0080530013782065
1.344478006007517,12.023758261718784,1.8458325752198965,0.022420653237573952,0.5597607340603761,1.005761405965074
1.3508908325540747,12.053736298755224,1.846373857436485,0.013692089806565519,0.5594819884896988,1.004313507988185
1.3552939319810737,12.07431946543522,1.8465940269367456,0.007701300976848882,0.5593368605505462,1.0033240275302973
1.3578561992934988,12.08629729515375,1.8466653961355322,0.004215625367269825,0.5592696918833097,1.0027496114414498
1.3594335457149553,12.093670915677933,1.8466885697320072,0.002069924034872286,0.5592346562602883,1.0023964135673433
1.3600557784675942,12.096579666814186,1.8466933596027262,0.0012234974335759157,0.559222157796855,1.0022571577606014
1.360678011220233,12.09948841795044,1.8466956874340485,0.0003770738656062143,0.5592104072364094,1.0021179363708208
1.3608946426140724,12.10050110461842,1.8466959200806952,8.239036718100235e-05,0.5592064917497349,1.0020694719224594
1.3610604764753869,12.10127632808662,1.8466958965127738,-0.00014319327972749012,0.5592035556456322,1.0020323731498137
1.3612175651377894,12.102010670377856,1.8466957128999772,-0.0003568808727063684,0.5592008233553183,1.0019972369883663
1.361622078069419,12.103901646776185,1.846694517783359,-0.0009071399121630633,0.5591940068365385,1.0019067813459996
1.3623970322362513,12.107524324630665,1.8466893220434921,-0.001961313685600065,0.5591818299870641,1.0017335630988544
1.363775101584435,12.113966384720504,1.8466706489659201,-0.0038359304803555257,0.559163038027428,1.0014257357438132
1.3660367930190176,12.124539112533844,1.8466138280900855,-0.006912674803254279,0.5591401301773573,1.0009209675770667
1.3695399624796882,12.140915377052222,1.8464615996819562,-0.011678799818606228,0.559124092161437,1.0001398740821423
1.3747327320452787,12.165190014332492,1.8460923353344645,-0.018745540069022487,0.5591437520607568,0.9989828301770179
1.3822033271670329,12.200112801596152,1.8452600824962275,-0.02891839698908005,0.5592629714054456,0.9973174645576857
1.3928409615861044,12.249840545872381,1.843461497251334,-0.04342347259303319,0.5596180089785996,0.9949380113442563
1.4080311646740409,12.32085018061849,1.839640973597576,-0.06419623681805983,0.5605037939292045,0.991505403886332
1.4250417702963964,12.400369650177973,1.8336074263330517,-0.08757875248377717,0.5620297726885968,0.9875795695844585
1.4368051813420017,12.455360061884853,1.8283445603370254,-0.10384664465571054,0.5634200893807874,0.984791949466349
1.448568592387607,12.510350473591734,1.8221844794762236,-0.12021315398294932,0.5650895979294969,0.9819274153408958
1.459447889472083,12.561207918208558,1.81568369388949,-0.1354517339262681,0.5668871125575471,0.9791955752516155
1.4695544477287839,12.608453041015277,1.8089478920257511,-0.1497080450550086,0.5687800485288678,0.9765743639478484
1.479136598672715,12.65324671722037,1.8019373418613664,-0.16332411177434605,0.5707778690508027,0.9740040565283904
1.4883246985776621,12.69619832323143,1.7946401323640453,-0.17648051987437297,0.5728837633930449,0.9714515496023072
1.4972008325377753,12.737691582196856,1.7870519447964301,-0.18929207058113606,0.575099559005378,0.9688943398956631
1.5058217620765482,12.777991837182014,1.7791709575187964,-0.201839190998789,0.5774268713448397,0.9663152851974359
1.5142291887618315,12.817294030485195,1.770996042313594,-0.21418196925685934,0.5798674811808708,0.9637002538221131
1.5224551196055212,12.85574778526883,1.762526010017282,-0.2263674928660003,0.5824234815081856,0.9610368793249667
1.53052496259333,12.893471876230974,1.7537592627240572,-0.23843408825504417,0.5850973424934213,0.9583138225817626
1.5384594435261443,12.930563190262617,1.74469362042614,-0.25041395357974544,0.5878919457005556,0.9555202936119832
1.5462758588259022,12.96710258293871,1.7353262264993696,-0.2623348880498198,0.5908106077003082,0.95264571622175
1.5539889305476164,13.003158875442423,1.725653488653128,-0.27422148149872344,0.593857101781032,0.9496794745519878
1.561611411286719,13.03879168232522,1.7156710341804506,-0.28609596603027926,0.5970356818851312,0.9466107071738087
1.5691545256540007,13.074053475269528,1.7053736684120722,-0.2979788483438327,0.6003511109753524,0.9434281278804522
1.5766283015460822,13.108991131678641,1.6947553301251606,-0.3098893957705892,0.603808695220344,0.9401198595745969
1.584041825265553,13.14364712728671,1.683809039920051,-0.3218460229935699,0.6074143251229757,0.9366732716130839
1.591403442981965,13.178060477928351,1.6725268387161973,-0.3338666107451371,0.6111745246709495,0.9330748131638827
1.5987209239337283,13.212267502458456,1.6608997138592028,-0.3459687782335736,0.615096509736074,0.9293098362046032
1.6060015962276941,13.24630245757444,1.6489175103253422,-0.35817012499537365,0.6191882571852366,0.925362402177489
1.613252463153666,13.280198081551633,1.6365688242136243,-0.3704884540284921,0.6234585865033532,0.9212150661805576
1.6204803060148334,13.31398607494465,1.6238408751746847,-0.38294198564743137,0.6279172561749642,0.9168486320009512
1.6276917782258116,13.347697540467447,1.6107193536633528,-0.39554957002816893,0.6325750776413095,0.9122418703065232
1.6348934946981988,13.381363400843952,1.597188237781965,-0.4083309057015485,0.6374440504158702,0.907371190831996
1.6420921200886245,13.415014811341166,1.5832295731257244,-0.42130677095905344,0.642537522891557,0.9022102574031271
1.649294459416753,13.448683583381092,1.5688232070648724,-0.43449927543629313,0.647870384681721,0.8967295318971226
1.6565075547196793,13.482402636371004,1.5539464663517881,-0.4479321397853674,0.6534592980436673,0.890895729595197
1.6637387919003261,13.516206497187586,1.5385737634065273,-0.46163101250419575,0.6593229782639115,0.884671163464786
1.6709960227969032,13.55013187081497,1.5226761117306316,-0.4756238346944812,0.665482536091722,0.8780129482392238
1.6782877088524255,13.584218311956572,1.5062205240433395,-0.4899412658460547,0.6719618997717337,0.8708720260436202
1.6856230948435489,13.61850903716518,1.4891692568813382,-0.5046171869272832,0.6787883405873079,0.8631919626450636
1.6930124242854965,13.653051931796265,1.4714788509945227,-0.5196893013381989,0.6859931350594685,0.8549074455278932
1.7004672129483354,13.687900828614373,1.4530988953670143,-0.5351998599759202,0.6936124106334234,0.8459423893163672
1.7080006044486944,13.72311717007756,1.4339704096962231,-0.5511965442982808,0.7016882425260322,0.8362075163388576
1.7156278438976094,13.758772222498727,1.4140236881621693,-0.5677335514338459,0.7102701020260516,0.8255972233105606
1.7233669254168607,13.794950102989924,1.3931753625212977,-0.5848729389506396,0.7194168093465722,0.8139854568858049
1.7312395032335501,13.83175203855571,1.3713242990841097,-0.6026863047452025,0.7291992328876257,0.8012201788940317
1.7392722165604393,13.869302559510599,1.3483456904939808,-0.6212569003852815,0.7397041327113861,0.787115763702089
1.7474986919535156,13.90775885989898,1.3240822314772858,-0.6406823033052774,0.7510398345152077,0.771442248664734
1.7559627124709092,13.947325612360702,1.2983303366432892,-0.6610777970958069,0.7633449873387256,0.7539095659267228
1.7647235218466397,13.988279763549434,1.2708173923424588,-0.682580591953485,0.7768028525458979,0.7341432830118338
1.7738653205726904,14.031014925462761,1.2411615711319413,-0.7053547658175671,0.7916662853005724,0.7116448970224433
1.7835155960094538,14.076127063200282,1.2087950574301127,-0.7295951197349524,0.8083051187012844,0.6857218329410893
1.7938820902316515,14.12458730853436,1.1728091595463368,-0.7555152030424186,0.8273019778795552,0.6553584974312973
1.8053002011865382,14.177963546080582,1.131737974233945,-0.7831681055469548,0.8495959536164593,0.6190842073699269
1.8177236702697877,14.236039530764533,1.0854410341761744,-0.8105015061584163,0.875456716430778,0.5770407741461616
1.8295290192663993,14.29122598978992,1.040116329418964,-0.8308344037668571,0.9014524482563009,0.5364131363536813
1.8381466345761506,14.331510751750336,1.0064515303902777,-0.8393439943267736,0.9211487448530419,0.5082517563500486
1.8452289522372272,14.364618458563575,0.9786336182552111,-0.8399345931144876,0.9376530965753882,0.48767807407131664
1.8513008580300803,14.393002793523895,0.9548620668198693,-0.8338558206518274,0.9519174564985192,0.4731814159418159
1.8566396360696975,14.417959976544365,0.9341871656006977,-0.8217761573708836,0.9644522852970236,0.4638713724391606
1.8614205380025224,14.4403092564086,0.9160048989849768,-0.8041221775377022,0.9755923071472367,0.4590748659201503
1.8662014399353473,14.462658536272835,0.8983035807529937,-0.7784725407186809,0.9865734449244733,0.45833604487295815
1.8705426340383136,14.482952314165667,0.8828116533102744,-0.7468559944069965,0.9963381524146145,0.46167898275404007
1.8744934046573694,14.501420979594347,0.8693455957289496,-0.7100360831501034,1.0049989444863092,0.4682887174682073
1.8781309617205466,14.518425465770669,0.8576142403746637,-0.6684686026549881,1.012742334575825,0.47739164189213207
1.8815132773617542,14.5342367749999,0.8473980864400313,-0.6225844014531319,1.0197154785855616,0.48826954134546446
1.8846834033575939,14.5490561614005,0.838532153479208,-0.5728340298026792,1.0260345687860968,0.5002450862986769
1.8876738105206283,14.563035416263647,0.8308886403087083,-0.5197045907718675,1.031793974073324,0.5126815963555517
1.890509067954167,14.576289392764242,0.8243654365616779,-0.4637308904546804,1.0370719280442915,0.5249911595081671
1.8932074780811323,14.588903649229527,0.8188780889704899,-0.40550346847508123,1.0419340021298078,0.5366475893082292
1.8957820600265018,14.600939046156498,0.8143536994140065,-0.3456739357515594,1.0464351552627582,0.5472016227937738
1.8982410876073597,14.612434261153721,0.8107259186870002,-0.2849578304555009,1.050620772516576,0.5562956763456337
1.9005882681696535,14.623406624949437,0.8079305756809176,-0.2241359164150768,1.0545268820122078,0.5636749241220277
1.9028225333197701,14.63385114312456,0.8059016737222147,-0.16405698886976341,1.058179556040719,0.569190519066747
1.9049372057921221,14.643736601468998,0.8045675223791992,-0.10565086540380603,1.0615931947811472,0.5727884609722655
1.9066814830458563,14.65189057347099,0.8039053991396253,-0.05665460345164779,1.0643886940883052,0.5743641941076358
1.9075054455962164,14.655742350791334,0.8037320674975087,-0.033331179266409314,1.0657060622187944,0.5745879244703881
1.9082074032221106,14.659023791752553,0.8036553821323447,-0.013399851876552977,1.0668280959976042,0.5744418295527483
1.9084625116561784,14.660216347021166,0.8036437269398375,-0.006145965992582615,1.0672360186694898,0.5742848565056133
1.9085899378117355,14.66081202600655,0.8036411455133762,-0.002521041534755743,1.0674398391418785,0.5741752722655185
1.9086648621037148,14.661162274556636,0.8036406358494133,-0.0003892047632014389,1.0675597086196416,0.5740953125411177
1.908739786395694,14.661512523106722,0.8036408729120844,0.0017429362170769307,1.0676796022735628,0.5740089535929744
1.9088083494881827,14.661833034960743,0.8036417442558241,0.003694303237833792,1.0677893362453152,0.5739432387509014
1.909000739193654,14.662732399020285,0.8036475294401964,0.009171011839352504,1.0680973321665146,0.5737980600134301
1.9093526526857831,14.664377488845197,0.8036708589300362,0.019192143209003257,1.0686609304633403,0.5736328685244576
1.9099654764205627,14.66724225565039,0.8037508421971717,0.03664737301938618,1.0696427406406253,0.5735604241083562
1.9109525124504951,14.67185635248379,0.8039847777240898,0.06474696738035082,1.0712240122553744,0.5738658964149642
1.912417637753929,14.678705373003913,0.8045707579749796,0.10633118792155337,1.0735683725911513,0.5750674493096839
1.9142067617371834,14.68706898998987,0.8056711103559916,0.15670132572358636,1.076421832742342,0.5775597290853514
1.916152604182886,14.696165218693523,0.8073427113012216,0.21066664324442128,1.0795072177843696,0.5814572601807976
1.9182182243832928,14.705821372406936,0.8096484878468098,0.26665671698584464,1.0827540398101732,0.5869562101248514
1.9203893873985989,14.71597090706415,0.8126460285943813,0.3236737749142777,1.0861250822817674,0.5943438937883849
1.9226584505423927,14.726578095402838,0.8163849086085427,0.3808567175429323,1.0895893755747148,0.6040005537867004
1.9250220268334717,14.737627104303671,0.8209085194201091,0.4374339786397798,1.0931167980385388,0.6164094975829524
1.9274801898002756,14.74911827749001,0.826256381024975,0.4927156965320439,1.0966746191492907,0.6321674388708893
1.9300360783240644,14.761066288288507,0.8324664835305393,0.5460919572089262,1.1002240195025612,0.651993721135863
1.9326956784680613,14.773499119745901,0.8395775203121741,0.5970306733659477,1.1037160399804766,0.6767369068679097
1.9354677063860675,14.786457517261992,0.8476309126152161,0.6450734957157443,1.1070866013892147,0.70737558339562
1.9383635611914671,14.79999476826639,0.8566725518931968,0.689829854238087,1.1102502801490035,0.7450074945045057
1.9413973307492742,14.814176729294603,0.8667541999323269,0.7309698661259159,1.1130925721976885,0.7908169673318975
1.9445858362875912,14.82908203453319,0.8779344868930244,0.7682170418328302,1.115460517093917,0.8460049441772518
1.9479487165485416,14.844802489200095,0.8902794978577262,0.8013418645363276,1.1171519042506728,0.9116596836476086
1.9515086441893303,14.861444081154566,0.9038633102047758,0.8301576946173707,1.117903945054413,0.9885435323256414
1.955292124405009,14.879130714218599,0.9187703660255992,0.8545209744019773,1.117383034158576,1.0767834561586296
1.9593323027950085,14.898017334109205,0.9351058443646215,0.8743365441045337,1.1151764370559218,1.1754984530986448
1.9636761004479126,14.918323282815624,0.9530243945205286,0.8895582136231516,1.1107812747282593,1.282449680091511
1.9683845784781613,14.94033400269886,0.9727308675472425,0.9001385255916523,1.1036003239218388,1.393473901947798
1.973380679467396,14.963689273484013,0.9938309277636106,0.9059027748224754,1.0933177426522955,1.4990526273894225
1.978186778310118,14.986156341330288,1.0142055512053891,0.907217836794152,1.0810688037976435,1.5835907422979196
1.9826852007695348,15.007185114542054,1.0332693551005132,0.9054736000460303,1.0678104901772405,1.6449849911040388
1.9870171137156634,15.027435505815678,1.0515698714108763,0.9016365845527247,1.0537182447155526,1.6873354853602114
1.9912925575295863,15.047421920865341,1.0695384565219774,0.8962010381197912,1.038842218119042,1.7137673367630686
1.9955941046592984,15.067530361072214,1.08749348274487,0.8894257722955882,1.0231998260223985,1.7265871862082824
2.0,15.088126597808591,1.1057315197433777,0.8814236975246031,1.0067564884325506,1.7276079602045216
