Phase,tau,R,V,H,L
0.0,5.664361160522102,1.108609193288996,0.6385497224205453,0.976331712076016,1.4670158728023202
0.006259788519244997,5.689176723498149,1.1243204466663268,0.6275771517769558,0.9633902663761053,1.4660926481902983
0.012781794390204552,5.715031789835193,1.140391593494206,0.61549900220744,0.9498346705274211,1.4590119210092583
0.019730208266490384,5.742577257481664,1.1571621477404526,0.6020838220994005,0.9354989813200287,1.4463213993464532
0.027435566640104065,5.773123466093275,1.1753201006029292,0.5867311600239092,0.9199155369757764,1.4279815553818453
0.03720258126858935,5.811842660177229,1.1976533079883345,0.5668000284307686,0.9008640960725575,1.4009854592900701
0.044759295848587,5.841799602967776,1.2143990700881608,0.5511676240477017,0.8867765004829956,1.378803835911847
0.05231601042858465,5.871756545758323,1.2306750392574917,0.5354481472907797,0.8733136509573489,1.3564530351171187
0.059496038544782054,5.900220197419958,1.2457029892086355,0.5204924951294126,0.8611207187712981,1.3355904583107212
0.06644965002485731,5.927786269830274,1.2598515240105543,0.5060322557797033,0.8498713751086459,1.3160471714856539
0.07328223202113153,5.954872547313335,1.273366193167076,0.49187634055218027,0.8393467493741958,1.2976574525153926
0.08005004415293937,5.981702058829675,1.2863756960308572,0.47792780565084186,0.82942602058068,1.2803334287265569
0.08678855528619629,6.0084154129434815,1.298958220973059,0.46412805652369626,0.8200304730249859,1.2640083773503323
0.09352229695521566,6.03510985955909,1.3111649049304486,0.4504379421411032,0.8111038708319045,1.2486224945085678
0.10026935138240346,6.061857081693823,1.3230306228665043,0.43682934706731896,0.8026035253993834,1.234118733948553
0.10704371251112206,6.088712555276576,1.3345796932524359,0.4232808727438761,0.794495621155124,1.2204417419993516
0.1138566574061924,6.115720985765271,1.3458291902274724,0.4097753888982517,0.7867525266059125,1.207537794124393
0.12071760493923907,6.142919712217169,1.3567909995859075,0.39629853759392164,0.779351135527959,1.1953550165039601
0.12763468760939242,6.170340974147024,1.3674731602122665,0.38283776152883353,0.772271786597137,1.1838436362704268
0.1346151535239186,6.198013505091403,1.3778807724589768,0.36938163773944654,0.7654975286104388,1.1729561735596297
0.1416656636280213,6.225963710911251,1.3880166298325316,0.3559193967084158,0.7590136030726471,1.162647553907207
0.14879252265072662,6.254216585326358,1.397881665536883,0.3424405569453422,0.7528070697101961,1.1528751443375107
0.1560018677485469,6.282796457751919,1.4074752696464183,0.32893463203869455,0.7468665298679059,1.1435987249024981
0.16329983071891135,6.311727636358219,1.4167955120121696,0.3153908820774322,0.741181919533306,1.1347804088989077
0.17069268497516843,6.341034990720889,1.4258392933956119,0.301798089853696,0.7357443538037848,1.12638452378416
0.17818698587949475,6.370744508140048,1.4346024393409023,0.2881443469379996,0.7305460108499388,1.1183774625536573
0.18578971172349015,6.400883852527044,1.443079745912927,0.27441683707159925,0.7255800474884573,1.1107275128595462
0.19350841229660856,6.43148295337152,1.451264982569613,0.2606016049767433,0.7208405412361122,1.1034046686749261
0.2013513724024339,6.462574653965937,1.4591508543545035,0.24668329800567207,0.7163224557432321,1.0963804269398514
0.2093277989063318,6.494195452915095,1.4667289228356013,0.23264486599112116,0.7120216281272284,1.0896275692715345
0.2174480420892857,6.526386381645019,1.473989482379847,0.21846720095814537,0.7079347781932269,1.0831199263308064
0.2257238655261893,6.559194074276447,1.4809213849776148,0.20412869253748048,0.7040595410825584,1.0768321196148103
0.23416878413692782,6.59267210775443,1.4875118025225134,0.18960466573770401,0.700394526691835,1.0707392718126951
0.24279849845286422,6.626882723402871,1.49374590935948,0.17486665354996672,0.6969394116126665,1.064816671903944
0.25163146647124157,6.661899093916278,1.4996064589170126,0.15988143434936902,0.693695072762836,1.0590393738150012
0.26068967621274164,6.697808385995295,1.5050732143046046,0.14460972737532196,0.6906637770560742,1.0533816958656739
0.2699997186870525,6.734716013884104,1.5101221701396224,0.12900437791561944,0.6878494497470803,1.047816569134176
0.2795943252863611,6.772751734030806,1.5147244645675386,0.11300775557989673,0.6852580579771599,1.0423146496700746
0.2895146522796262,6.81207870146549,1.5188448121170082,0.09654788964681378,0.6828981706203002,1.0368430487315052
0.29981382780749605,6.852907531086086,1.5224391588374857,0.07953247496267689,0.6807818016111258,1.0313634168468166
0.3105627682482636,6.89551935536954,1.5254509983950235,0.06183905854756566,0.6789257368644589,1.0258288691258126
0.3218604115887141,6.94030639233316,1.527805202354647,0.04329780930985374,0.6773537499234746,1.0201786665187818
0.3338535078718731,6.987850400437835,1.5293967462562101,0.02365827766712721,0.6761006213189698,1.0143280756238024
0.346780341243073,7.039096005080493,1.5300673436564196,0.0025161612091283113,0.6752203747671129,1.0081462559148537
0.36108706726209966,7.095811892432712,1.5295466211926325,-0.020881060067273628,0.6748067716428068,1.0013980871672121
0.3778936563320567,7.162437940292931,1.5272387317066638,-0.04840988809467561,0.6750657536127559,0.9935142655546242
0.3954341907826279,7.23197355414849,1.5228706614889003,-0.07724932048998434,0.6761915266980801,0.9852342311358168
0.4129747252331991,7.301509168004048,1.516491512207087,-0.10626403001824773,0.6781959692173094,0.9767900000684635
0.4310584911330643,7.373198304170956,1.5077939562303155,-0.13643145216664126,0.6811964774262487,0.9677895692289312
0.44844636807392646,7.442128740705539,1.4973811513378865,-0.16575043417397736,0.6849977383760306,0.9587293545122527
0.46317756236581925,7.500527339721939,1.4869691761780912,-0.19088111471255623,0.6889432142218131,0.9506445835258704
0.4779087566577121,7.55892593873834,1.4750806863389114,-0.21632445497700795,0.6935779480360555,0.9420936022186788
0.4914992742089094,7.612802574208046,1.4627864743872803,-0.24011283472773118,0.6984889876257121,0.9337093259450232
0.5043064161776047,7.663573688454198,1.4500200909033998,-0.26283920899254826,0.7036983427495954,0.9252972771794628
0.5166024539306537,7.712318641782661,1.4366699393987241,-0.28496892008920716,0.7092537421231421,0.9166822498945384
0.5285409941756967,7.75964637440208,1.422668358081484,-0.3067710671715703,0.7151902104187163,0.9077413924004463
0.5402244274749521,7.805962791310217,1.4079594900859833,-0.3284311726544692,0.7215414328289244,0.8983691765111859
0.5517291982650834,7.851570939762799,1.392487660381029,-0.350093298573739,0.7283440797183481,0.8884632689473713
0.5631176007490997,7.896717771507966,1.3761915806313105,-0.371879596796167,0.7356402686542275,0.8779167454230018
0.5744444628980055,7.941620640049455,1.3590000421439778,-0.39390123690837253,0.7434797393830805,0.8666122553532868
0.5857616770969682,7.986485261402773,1.3408274912335405,-0.4162655436607249,0.7519223781951485,0.8544164407680597
0.5971219506757559,8.031520582253123,1.321568451977169,-0.43908143980523,0.7610415868543122,0.8411735997551895
0.6085826968178611,8.076954204613932,1.3010895660813413,-0.4624643779257107,0.7709291722946958,0.8266975938833084
0.6202109989872684,8.123052066211377,1.279217287889774,-0.4865416224991401,0.7817028983976072,0.8107606155297342
0.6320911372701734,8.17014827702061,1.255717394004457,-0.5114589277679193,0.7935189565884391,0.79307634486797
0.644337719151595,8.218697173358787,1.2302579059613867,-0.537390451506987,0.8065942954910367,0.773272389041703
0.6571218061570425,8.269376891243764,1.2023346557430907,-0.5645560724666646,0.8212510081489011,0.7508398413364397
0.6707307600561687,8.323326613584005,1.1711008000538714,-0.5932561408688027,0.8380172783247007,0.7250270085300398
0.6857209497099117,8.382751943087024,1.1349278058360879,-0.6239235779436721,0.8578873347206161,0.694596880978022
0.7028767330000781,8.450762295087205,1.0913742197794685,-0.6561507181599735,0.8823720583205004,0.6583450864533188
0.7177072856640536,8.509554778646516,1.0520936585495269,-0.6790467246953367,0.9048678458178385,0.6278959283760033
0.7291447064519389,8.554895932740257,1.0210070505451163,-0.6911552028382306,0.9228550523382336,0.6072162175297141
0.7385803956141744,8.592301659452588,0.9950534389276292,-0.6955010979753147,0.9379291646124538,0.5939111315777937
0.7467003144852966,8.62449130251916,0.9726813048823187,-0.6934884161628608,0.9509156370695594,0.5867467649235654
0.7538741972718718,8.652930592365092,0.953052814934756,-0.6858515234533716,0.9622667734140752,0.5849953294303757
0.760323834530931,8.678498769162564,0.9356671409447203,-0.6730545876369406,0.9722594280321233,0.5881093424319555
0.7667734717899901,8.704066945960037,0.9186938695870244,-0.653375968939975,0.9819346927667872,0.5965840991767817
0.7726493620109677,8.727360628066185,0.9037519302229241,-0.628313303604036,0.9903682356706464,0.6096528131277833
0.7780151060425288,8.748631947140174,0.8906910771177909,-0.5985441765595013,0.9976654436755992,0.6264292900091182
0.7829691993771601,8.768271367027412,0.879259389106828,-0.564513861336751,1.0039928443860475,0.6461288892533225
0.7875860526188749,8.78657387229875,0.8692645926148094,-0.5266391968317694,1.0094845587883081,0.6679947515538713
0.7919212703980795,8.803759895354318,0.8605604836489947,-0.48534624335233906,1.014249523714496,0.6912839978011431
0.7960170049830909,8.819996539645903,0.853032470312096,-0.4410857034110749,1.0183792361943937,0.7152715002151906
0.7999052900407001,8.835410795641817,0.8465878579532858,-0.39434263296885536,1.0219527169040006,0.7392612340875935
0.8036100966987102,8.850097691637309,0.8411489620068869,-0.3456427505272075,1.0250397012654007,0.7626025100636526
0.8071485866960494,8.864125261594205,0.8366478178005273,-0.2955559271207285,1.0277026879745608,0.7847093451406637
0.8105318098666388,8.877537310163206,0.8330218161137669,-0.24469728159129414,1.0299981697694454,0.8050810873421478
0.8137649423962271,8.890354357201016,0.8302098966297902,-0.1937269353878291,1.031977208158906,0.8233219514074905
0.8168470126733903,8.902572550966573,0.8281490766311861,-0.14335124160448268,1.0336854163446685,0.8391566581668424
0.8197698185525649,8.914159375847067,0.8267710873104679,-0.09433226836985478,1.0351623214697554,0.852439148869472
0.8225151665313839,8.925042707680099,0.8259986413554469,-0.04752210046863972,1.0364398805231343,0.8631513627530858
0.8247593007810996,8.933939087266936,0.8257473572202866,-0.008938876124807205,1.0374174197676718,0.8705323562196361
0.8270031389829305,8.94283429323666,0.82583982506629,0.029728870162177963,1.0383452343037625,0.8766244030013408
0.829086405981362,8.951092949776982,0.8262333622779956,0.06554811403476751,1.0391709145305237,0.8811160556406394
0.8314571920938351,8.960491412983197,0.8270399383670318,0.10602487570872651,1.0400789472351113,0.8848856264671137
0.8340448487696117,8.970749612122146,0.8283517973728832,0.14962074213820645,1.0410443250674446,0.8874451441355302
0.836811355347462,8.981716822595029,0.8302440939610067,0.19527315097293824,1.0420617677880746,0.8885437898402092
0.8397343079959021,8.993304229310187,0.8327797469347429,0.2421205481640436,1.043136428267731,0.8881283700118788
0.8428005346864437,9.005459614640545,0.8360123039387508,0.2894099581212983,1.0442791153761466,0.8863371296022102
0.846003257906075,9.018156110617568,0.8399881885000761,0.3364641738980078,1.0455028603336827,0.8835003798295653
0.8493407015803942,9.031386676382603,0.8447487863809265,0.3826711425941652,1.0468198521189584,0.880140083844549
0.8528153619279826,9.045161207648453,0.8503324857016195,0.42748115427787403,1.0482383219930167,0.876966404243506
0.8564336099814553,9.059504960980993,0.8567766404860331,0.47040567668969435,1.049759094576339,0.8748712705606252
0.8602054741646262,9.074457691873867,0.8641193756538114,0.5110153485875638,1.0513715262462404,0.8749191392808278
0.8641445297564821,9.09007321655259,0.8724011411278471,0.5489364598347053,1.053048511674285,0.8783337628386528
0.8682678521111613,9.106419226525372,0.8816659168073429,0.5838461209561844,1.0547402031503077,0.886477018325676
0.8725959933678145,9.12357719625446,0.891961944173581,0.6154667037986781,1.0563661049444606,0.9008115089165885
0.8771529327801051,9.141642186248303,0.9033418151543992,0.6435603249300411,1.0578053610353808,0.9228326087698716
0.8819659650532798,9.160722400398273,0.9158617731451854,0.6679244054143133,1.0588854942480084,0.9539486634010461
0.8870656658342437,9.18093904917162,0.9295805784339111,0.6883898619495038,1.0593707396967336,0.9952844457871205
0.8924868376025321,9.202430099389424,0.9445605574387351,0.7048238800392111,1.05895221024116,1.0473957783825303
0.8982735150712916,9.225370117044429,0.9608799903411103,0.7171364935840786,1.0572413152118696,1.1099358393414758
0.9044931630417863,9.250026551591082,0.9786722636032763,0.7252751987892823,1.0537603015305141,1.1813820763270848
0.911234402682627,9.276750722276658,0.9981169403025589,0.7291663492177217,1.0479399962846847,1.2585586001009306
0.9182684570574466,9.30463569295556,1.018454052249563,0.7288066067576742,1.0396002438410505,1.3329176979980808
0.9248405331081093,9.330689251572947,1.0374013557051918,0.7252182189591676,1.0298614171301574,1.3922750564961048
0.9309547439076682,9.354927703507675,1.0549157511544258,0.7196355689396967,1.0193296356467447,1.4363667541212937
0.9368324816784358,9.378228709821027,1.0716052251484858,0.7126377155013963,1.0081053585307447,1.4678456263861757
0.942616768583361,9.401159250608371,1.0878552104641288,0.7045004028517706,0.9962441761398537,1.488590896172611
0.948409015057051,9.424121345365844,1.1039287613898712,0.6953600105388013,0.983786264143413,1.5000443363048983
0.9542981211775506,9.44746741901619,1.1200462139720355,0.6852627815306198,0.9707443676709063,1.5034049273172099
0.9603794537477085,9.471575532398788,1.1364341264652096,0.6741744059676094,0.9570877653952538,1.4996709545926685
0.966779480365295,9.496947038654762,1.1533849503116596,0.6619541843966719,0.9427064287410729,1.4896030196530174
0.9737152429457466,9.524442353004913,1.1713980598995002,0.6482459447409337,0.927303587714333,1.4735516871620609
0.9817575102242686,9.556324163309974,1.1918063119903592,0.631940033000303,0.9098858190570672,1.450608790525561
0.9892557336153043,9.586049230570099,1.2103616173774592,0.616493424766412,0.8942174411391828,1.4269069847727442
0.9967539570063401,9.615774297830225,1.228455754603492,0.6009273851981282,0.8791882312908691,1.4023368256213962
1.0037593422094542,9.643545615845984,1.2449419151579195,0.5863521516679503,0.8657651820061226,1.3794140191098734
1.0104342003114402,9.670006631434093,1.260273835483362,0.5724853544885615,0.8535452588619452,1.358077380536386
1.0169387866984256,9.69579264203543,1.2748622707964803,0.559025721900231,0.8421715377873584,1.338033035072362
1.0233467850946154,9.721195750664767,1.2888956250169878,0.5458417865275983,0.8314739773330404,1.319164697593776
1.0297007289336644,9.746384571820535,1.3024810445596504,0.5328611167461342,0.8213502756477826,1.3013983939240275
1.0360283416715599,9.771469009082677,1.3156865116063692,0.5200383510387896,0.8117306156349688,1.2846718281090583
1.0423490695087025,9.796526152661066,1.3285578849763868,0.5073427187935963,0.8025635264628249,1.268926218799226
1.0486772678438525,9.821612911395492,1.3411272838801689,0.4947520923298463,0.7938090048363923,1.2541041750067141
1.055023952963577,9.846772956945507,1.3534177236917462,0.48224979289877257,0.7854347533695032,1.2401494455827595
1.0613978501986623,9.872040878977351,1.36544589704,0.4698227250724669,0.7774139457700496,1.2270072220222203
1.0678060631039632,9.89744483798116,1.3772239463420537,0.4574602152605915,0.769723812638092,1.2146245399040965
1.074254523697655,9.923008350146045,1.3887606474292222,0.4451532506738195,0.762344700361586,1.2029506244838253
1.0807483091772179,9.94875154291136,1.4000622293353557,0.4328939588238426,0.7552594184200934,1.1919371375187027
1.087291873616829,9.974692073480368,1.4111329585491754,0.4206752379631181,0.748452770867759,1.1815383244117623
1.0938892236201667,10.000845825157365,1.4219755645641357,0.408490485640304,0.7419112102379307,1.1717110754282087
1.100544055990952,10.027227453112454,1.4325915546446624,0.3963333928513607,0.7356225757610196,1.1624149183907584
1.107259869129851,10.053850825990203,1.442981448755198,0.384197782951213,0.7295758915340623,1.153611959527792
1.1140400560239954,10.080729394546271,1.4531449552228148,0.3720774814788541,0.7237612085882935,1.14526678687548
1.1208879843405664,10.107876509160906,1.4630811011883174,0.3599662072893891,0.718169479961213,1.137346347964882
1.1278070676581697,10.135305702220165,1.4727883276515563,0.34785747803069567,0.7127924611981448,1.1298198109980426
1.1348008309543154,10.163030947726703,1.4822645560728567,0.33574452463935545,0.7076226308956691,1.1226584164914268
1.1418729729146522,10.191066908311111,1.4915072315151054,0.32362021052999024,0.7026531273891232,1.1158353244930959
1.149027427346207,10.219429178691282,1.5005133459012137,0.31147695168870826,0.6978776987230754,1.1093254609244423
1.1562684258598666,10.248134534163395,1.5092794438598915,0.29930663414037356,0.6932906638168446,1.1031053653552665
1.163600564045253,10.277201192937753,1.5178016127603922,0.2871005252296614,0.6888868833171039,1.0971530414955881
1.1710288735673806,10.306649101950207,1.5260754577705036,0.27484917488925287,0.6846617391002556,1.091447810847786
1.178558902965265,10.336500257170579,1.5340960620226922,0.2625423025752738,0.6806111218036647,1.085970169264252
1.1861968105237493,10.366779071772715,1.5418579312470513,0.25016866467806825,0.6767314261275523,1.080701645496029
1.1939494733824416,10.397512808673007,1.549354921346218,0.2377158960394862,0.6730195540495661,1.0756246602188573
1.201824618264835,10.428732098777411,1.5565801464098492,0.22517031736803483,0.6694729264924415,1.0707223833204549
1.209830980902676,10.4604715729845,1.5635258633650833,0.21251669778594415,0.6660895044856601,1.065978586429943
1.217978503718939,10.492770645856398,1.5701833277677466,0.19973795796744653,0.6628678214756965,1.0613774865952668
1.226278584990801,10.525674503370908,1.576542612898057,0.18681479377439547,0.6598070292607453,1.0569035755201257
1.2347443981786763,10.559235368831665,1.5825923809650393,0.1737251920004364,0.6569069611802973,1.0525414266017308
1.243391308503492,10.59351415429766,1.588319590286942,0.16044379709553525,0.6541682178592879,1.0482754687150642
1.2522374270284495,10.628582657119244,1.593709114774343,0.14694106777168545,0.6515922833351574,1.0440897105579798
1.2613043639097345,10.66452654603588,1.598743240210095,0.13318212996848086,0.6491816833309456,1.0399673910629368
1.2706182783486217,10.701449523481706,1.6034009824531739,0.11912517839862333,0.6469402038488298,1.0358905175211197
1.2802113856984174,10.739479300181502,1.6076571398428785,0.10471918382061715,0.6448731990623069,1.0318392288292022
1.290124197866695,10.778776476735526,1.6114809334343032,0.08990048860426764,0.6429880366700087,1.0277908769018294
1.3004089991477183,10.819548322797212,1.6148339779500347,0.07458753255309895,0.6412947648688424,1.0237186330090755
1.31113553475611,10.862071328021191,1.6176671018582924,0.058672235841343,0.6398071575333061,1.0195892452957886
1.3224009852974727,10.906730743671298,1.6199150373066575,0.042004918808248554,0.6385444534344257,1.0153591596400722
1.3343491546189774,10.954096648659098,1.6214867592509448,0.024365355225905484,0.637534498713564,1.010967143803416
1.34721255652895,11.005090793142054,1.6222456065959825,0.005399432734441462,0.6368201453200024,1.0063182843811485
1.3614246254042393,11.061431432943285,1.621959714641014,-0.015549304204849273,0.636474995291968,1.0012417629862511
1.378046763912249,11.127326266878002,1.6201271814321743,-0.04007913319869992,0.6366579634475409,0.9953318040776387
1.3957376918460687,11.19745808281663,1.6163986686575742,-0.06626797662801814,0.63754592851484,0.9890070209495759
1.4134286197798884,11.267589898755256,1.6108289707139214,-0.09259475784187159,0.6391526136823196,0.982571779270773
1.4322598765885557,11.342242299202479,1.6028641070347214,-0.12083292546068061,0.6416639190831285,0.9755123819059484
1.44745457742901,11.402478368591924,1.5948941531925696,-0.1438255603925723,0.6443055054670709,0.9695923106778868
1.4626492782694642,11.462714437981369,1.585532590587047,-0.1670445324735192,0.6475118618580273,0.9634114843807232
1.4765620810959244,11.517868702962032,1.5757277747572942,-0.18853671379682363,0.6509583376277972,0.9574712019413062
1.489360288238918,11.568604397045155,1.56565598783769,-0.20853086949881802,0.6545744620419414,0.9517241543021359
1.5014660323855251,11.61659497297571,1.5551902656554875,-0.22766424474226932,0.6584020974914968,0.9459979458956365
1.5130847678783694,11.662654909575531,1.5442768885840146,-0.24625114222044517,0.662461851566878,0.940198239459215
1.5243383164825042,11.707267142597678,1.5328852878834711,-0.26448192543907584,0.6667684646442844,0.9342591288740011
1.53530907134983,11.750758301678838,1.5209919559877225,-0.2824892496937831,0.6713357925336042,0.9281262773083837
1.5460575085697554,11.793368131053285,1.5085749829330224,-0.30037426544737467,0.6761784914329058,0.9217500358709816
1.5566307875481296,11.835283583874814,1.495611565931147,-0.31821952293205996,0.681312842501513,0.9150817742029133
1.5670675547275894,11.876657865515796,1.4820765700425627,-0.3360962337192562,0.6867573106117798,0.9080714926950721
1.5774008975502416,11.917622143906392,1.4679414695366713,-0.3540687961579771,0.6925330444039632,0.9006659683608024
1.5876603205818764,11.95829338344695,1.453173376717927,-0.37219788347857496,0.6986644138112723,0.8928070765203853
1.5978731854853028,11.998780053467458,1.4377339921750028,-0.39054274980661496,0.705179648673284,0.8844300759347203
1.608065859925077,12.03918668280916,1.421578356558869,-0.40916311126342053,0.7121116348804293,0.8754617015560304
1.6182647444171212,12.07961793054535,1.4046532604565594,-0.42812084312582865,0.7194989445920624,0.8658179057998621
1.6284972986523567,12.12018265461704,1.3868951457915208,-0.4474816483682748,0.7273871988506321,0.8554010722672226
1.6387931936844327,12.160998479429292,1.36822724184822,-0.4673168398595386,0.7358309158671428,0.8440964620547217
1.6491857463977915,12.202197482486245,1.3485555318301932,-0.48770538134129354,0.7448960876281103,0.8317675468102056
1.6597138708919779,12.24393393022756,1.3277628716932885,-0.5087363679880355,0.7546638905391623,0.8182496938653061
1.670424945907836,12.286395645312664,1.3057000557698368,-0.5305122091759503,0.765236246624513,0.8033413226452454
1.6813793461289734,12.329821969974708,1.2821715424305413,-0.553152949343913,0.7767445855397569,0.7867909727729581
1.6926581714673556,12.3745344070834,1.2569111491386054,-0.5768025479282094,0.7893645611858416,0.7682772694348559
1.704377650743764,12.42099372038705,1.2295371250700968,-0.6016388675969516,0.8033429149373018,0.747375298858215
1.716719059469441,12.469918537016817,1.1994597234333428,-0.6278914421001885,0.8190521676372887,0.7234935876544979
1.7299992901876995,12.522565108176881,1.1656643985347048,-0.6558747800773767,0.8371180969610046,0.6957392527455123
1.744838858834593,12.581393333629261,1.1261859040644744,-0.6859803946325087,0.8587307879749871,0.6626509763997384
1.7614901223621213,12.647403627336113,1.0798751368014425,-0.7162922723916998,0.8846802342768395,0.6244224493997346
1.7751939963352963,12.701729639557074,1.0404034001557774,-0.7357169431526077,0.9071830838687036,0.5945339233275226
1.7856512167450609,12.743185003557809,1.0096960084808289,-0.7446776146121862,0.9248401249702072,0.5750504775039443
1.7943711072351736,12.77775310293311,0.9839087670179335,-0.7462118502319917,0.9397039996211489,0.56296399093046
1.8019113257533976,12.807644650693371,0.9616580020832453,-0.7414674065039186,0.9525085372657291,0.5571501899547092
1.8085897289351434,12.83411971997511,0.9421505794462556,-0.7310830040944571,0.9636831643087264,0.5568821053760866
1.815268132116889,12.860594789256849,0.9230119404967111,-0.7133380491469726,0.9745683006707073,0.5624314247203179
1.8212831688575957,12.884440087318172,0.906268922712631,-0.6896221427403401,0.9840030306285197,0.5733930330684733
1.8267140209086499,12.905969512900553,0.8917191798622018,-0.6607119221117894,0.9921196212865,0.5887959677155656
1.8316836640165002,12.925670576463993,0.8790217196639705,-0.6270882132783792,0.9991333882591431,0.6077861752620426
1.8362823346044457,12.943901000579826,0.8679248184846569,-0.5891775523030783,1.0052107994915231,0.6295593504646682
1.8405759225374236,12.96092199121177,0.8582429353761512,-0.5474047313052227,1.010481985815074,0.6533308802925704
1.8446137495172006,12.976929073463028,0.8498345086881819,-0.5022137346542028,1.0150528860164119,0.678330822436616
1.848433231730838,12.992070575626721,0.8425880221398199,-0.4540806594011836,1.019012687878395,0.7038100034572623
1.852062700431569,13.00645881076209,0.8364127654749816,-0.4035225005493231,1.022438496753913,0.7290530287946194
1.855523135622062,13.020176949502753,0.8312321682376149,-0.35110281247414993,1.0253983522738186,0.7533961174615678
1.858829205544035,13.03328314088601,0.8269785888052501,-0.2974346104601434,1.0279531583024182,0.7762479800945071
1.8619898076896275,13.045812657074144,0.8235889542674725,-0.2431809981294622,1.0301578132686506,0.7971116547189445
1.8650081673322334,13.05777828395837,0.8210009172810955,-0.1890550036118669,1.0320616794310247,0.8156046761838092
1.8678813885039387,13.069168541107052,0.8191493107572682,-0.13582257804911435,1.0337084321532326,0.8314744823026986
1.870599055170279,13.079942136428864,0.8179626227932033,-0.08431832626549737,1.0351352138008894,0.8446057983134392
1.873139706450978,13.09001399295605,0.817358832963617,-0.03549835738023645,1.0363707232221908,0.8550167156652109
1.8751435862812227,13.097957936424905,0.8172306461217229,0.0032442729610974927,1.037289106226376,0.8618658470515279
1.8771471933572648,13.105900798619357,0.8174104120967026,0.04201181154949308,1.0381669497775299,0.8674729485814519
1.8792053343937107,13.114059848776801,0.817915226764308,0.0816933693402225,1.0390354474657988,0.8719331846899723
1.881512948139811,13.123207878948218,0.818864700715567,0.1258001136107209,1.0399802323224843,0.875398493563277
1.884014229571747,13.133123662317608,0.8203462783721228,0.17288322389128985,1.040983451170479,0.8774143861156398
1.8866781318766455,13.143684120583252,0.8224319280621853,0.22188700936466066,1.0420439941611501,0.8777553143684297
1.889486240770628,13.154816254342721,0.8251822509090466,0.27193365587999196,1.043170024094391,0.8763977717482407
1.89242799500454,13.166478195832799,0.8286491695197269,0.32224918116622264,1.044374803143532,0.8735171577356218
1.8954985000853066,13.178650541905798,0.8328781976645316,0.3721374923533959,1.0456735337557619,0.8694886551297144
1.8986974397068261,13.191332038635334,0.8379106198653062,0.4209723338312222,1.0470804603796893,0.8648864472508382
1.9020285055569537,13.204537320910775,0.8437856400162164,0.4681950253352282,1.048605868146766,0.8604803890071522
1.9054990948720396,13.21829571345834,0.8505424495882385,0.5133128421829888,1.0502526962827985,0.857230898239423
1.9091201623598113,13.232650643821732,0.8582221354758318,0.5558961089989387,1.0520124582790193,0.8562826988912577
1.9129061723626455,13.247659452723891,0.8668693465280327,0.5955736545638011,1.0538600951529988,0.8589564726860768
1.9168751166046305,13.263393464421346,0.8765336290696664,0.6320269859191094,1.0557473192124587,0.8667343990257774
1.921048557101757,13.279938156812284,0.887270297660654,0.6649838080611744,1.057593979402877,0.8812305740054516
1.925451631433641,13.297393182335137,0.8991406191517751,0.694211650597076,1.0592770872495976,0.9041298235645101
1.930112946696051,13.315871947566569,0.9122110288358042,0.71951264934209,1.0606175670584765,0.937068630755633
1.9350644246476292,13.335500999339507,0.9265514962600685,0.7407212454902776,1.0613658033571984,0.9814238153487498
1.9403419455066564,13.356422576934653,0.9422356344765369,0.7577074881528892,1.0611885888944115,1.0379841811000263
1.9459902415843504,13.378814011819786,0.9593534975537937,0.7703864343233389,1.0596597626499051,1.1065433854535107
1.9520790482194168,13.402951754498622,0.9780595467501516,0.7787167188781187,1.0562473726448605,1.1855600617094886
1.9587021060728782,13.4292074193268,0.9985672191738993,0.78263427549642,1.0503059259863243,1.2715526250775282
1.9655554692300006,13.456376079178556,1.0198333386479608,0.7821778152730383,1.0417054686433547,1.3538353277490867
1.9718562220952613,13.481354036348145,1.0393310153274313,0.7785631765851566,1.0317449127338247,1.4185286845631657
1.9777002120773093,13.504521256931564,1.0573078640826228,0.7730508016910967,1.020970412375944,1.4665618883520108
1.9833163437221077,13.526785182954752,1.0744452211199969,0.7661959814431296,1.0094660595600924,1.5009875088774007
1.9888421976241235,13.548691222604546,1.091144576300029,0.7582644333001526,0.9972900030234325,1.5238357258940542
1.9943749210959059,13.570624495161752,1.1076799638784756,0.749387778395889,0.9844841959264368,1.5366596171777542
2.0,13.592923890638234,1.124283082033103,0.7396103362851336,0.9710606683541969,1.5407516936261143
