phase,R,V,H,Uc,L,Lr,Lc
0,1.0570471242648027,4.308289835996959e-13,0.9660424953040688,0.9881354471419667,0.9237337391035529,0.6212197660423399,0.30251397306121314
0.001953125,1.0570444195444195,-0.0011698633397230719,0.9659048863707737,0.9880051878664688,0.9229892431169224,0.6205907381453072,0.3023985049716153
0.00390625,1.0570363042697333,-0.0023400932153206048,0.9657709171196515,0.9878752266030962,0.9222505495571924,0.6199589090100283,0.3022916405471642
0.005859375,1.05702277651201,-0.0035106280795213006,0.9656406047143469,0.9877455787061925,0.9215177533377781,0.619324364149454,0.3021933891883241
0.0078125,1.0570038343975425,-0.004681406367013961,0.9655139662091036,0.9876162595256194,0.9207909494158943,0.6186871875976397,0.30210376181825455
0.009765625,1.0569794770202838,-0.005852365634344624,0.965391017022842,0.9874872843140534,0.9200702277861632,0.6180474583833626,0.30202276940280054
0.01171875,1.0569497042995262,-0.0070234424154545574,0.9652717713223126,0.9873586682322172,0.9193556749218836,0.6174052517426111,0.3019504231792726
0.013671875,1.0569145161809352,-0.008194573195110647,0.9651562432428886,0.9872304264373348,0.9186473776608699,0.6167606416929317,0.3018867359679382
0.015625,1.0568739126101763,-0.009365694458050983,0.9650444469199467,0.9871025740866333,0.917945423297464,0.6161137010766781,0.30183172222078597
0.017578125,1.056827893532915,-0.010536742689013674,0.9649363964888638,0.9869751263373395,0.9172498995867022,0.6154645015592928,0.30178539802740945
0.01953125,1.0567764588949056,-0.011707654373432635,0.9648321060844471,0.9868480983466923,0.9165608947469033,0.6148131136253336,0.3017477811215697
0.021484375,1.0567196090380666,-0.012878365594908682,0.9647315891928095,0.9867215052302559,0.9158784953611532,0.6141596051185667,0.3017188902425864
0.0234375,1.0566573455906183,-0.014048810699199117,0.9646348574277372,0.9865953619568957,0.9152027826906899,0.6135040390110347,0.3016987436796552
0.025390625,1.056589670440775,-0.015218923599143067,0.9645419220686821,0.986469683463674,0.9145338375207566,0.6128464765626184,0.3016873609581382
0.02734375,1.056516585476755,-0.016388638207493377,0.9644527943951023,0.986344484687663,0.9138717411484826,0.6121869778729832,0.3016847632754994
0.029296875,1.0564380925867733,-0.017557888437089178,0.9643674856864498,0.9862197805659251,0.913216575391151,0.6115256018810825,0.3016909735100684
0.03125,1.0563541936590446,-0.018726608200740843,0.964286007222178,0.986095586035526,0.912568422595381,0.6108624063647389,0.30170601623064214
0.033203125,1.0562648906475076,-0.01989473134266446,0.9642083701749107,0.9859719160263863,0.9119273653020549,0.6101974477028699,0.301729917599185
0.03515625,1.056170186576111,-0.021062190145436407,0.9641345842227286,0.9858487853434509,0.9112934820650286,0.6095307783386407,0.3017627037263879
0.037109375,1.0560700853367486,-0.022228915416013833,0.9640646579463237,0.98572620868623,0.9106668488340852,0.608862447827632,0.3018044010064532
0.0390625,1.0559645908461925,-0.023394837907620886,0.9639985999012233,0.9856042007509892,0.9100475420829446,0.6081925045651553,0.30185503751778925
0.041015625,1.055853707021212,-0.024559888373510325,0.9639364186429527,0.9854827762339913,0.9094356388850626,0.6075209958090686,0.30191464307599397
0.04296875,1.0557374377785846,-0.025723997566849014,0.963878122727042,0.9853619498315077,0.9088312169268736,0.6068479676804238,0.3019832492464498
0.044921875,1.0556157870352838,-0.026887096241571484,0.9638237207081938,0.9852417362397896,0.9082343545184326,0.6061734651609405,0.30206088935749204
0.046875,1.0554887591674464,-0.028049114443505323,0.9637732205207025,0.9851221501003674,0.9076451287605851,0.6054975310073129,0.3021475977532722
0.048828125,1.0553563599568692,-0.02920997972168325,0.9637266283807003,0.9850032058830429,0.9070636125422855,0.6048202043137183,0.30224340822856716
0.05078125,1.055218595452337,-0.0303696190933676,0.9636839502096421,0.9848849180242668,0.9064898786474306,0.6041415227209473,0.30234835592648324
0.052734375,1.0550754717026338,-0.031527959575820684,0.9636451919289813,0.9847673009604887,0.9059240005585578,0.603461522761846,0.30246247779671187
0.0546875,1.0549269947565438,-0.032684928186304855,0.9636103594601723,0.9846503691281591,0.905366052474037,0.6027802398627898,0.3025858126112472
0.056640625,1.054773170662848,-0.03384045194211082,0.9635794587246681,0.9845341369637254,0.904816109326039,0.6020977083449995,0.30271840098103936
0.05859375,1.054614005551457,-0.03499445773259114,0.9635524955361056,0.9844186188938099,0.9042742464808076,0.6014139612430311,0.30286028523777636
0.060546875,1.0544495067676911,-0.036146870198763184,0.9635294742717331,0.9843038291955145,0.9037405360848607,0.6007290285373903,0.30301150754747036
0.0625,1.054279682589419,-0.03729761210691842,0.9635103982871985,0.9841897820302508,0.9032150483676791,0.6000429379794888,0.3031721103881902
0.064453125,1.0541045413180727,-0.038446606168593155,0.9634952709163107,0.9840764915564588,0.9026978543241704,0.5993557162366484,0.303342138087522
0.06640625,1.053924091255085,-0.0395937750953237,0.9634840954928785,0.983963971932579,0.9021890257870753,0.5986673889060522,0.30352163688102307
0.068359375,1.0537383407018879,-0.04073904159864637,0.9634768753507104,0.983852237317051,0.9016886354490066,0.5979779805168337,0.3037106549321729
0.0703125,1.0535472979603702,-0.04188232839029523,0.9634736138225491,0.9837413018682604,0.901196756881585,0.597287514529017,0.303909242352568
0.072265625,1.0533509718778993,-0.043023557141201554,0.9634743136147681,0.9836311796770848,0.9007134628514504,0.5965960125524276,0.3041174502990229
0.07421875,1.053149372868309,-0.04416264629922256,0.9634789757541158,0.9835218846402596,0.9002388226571855,0.5959034934061027,0.30433532925108275
0.076171875,1.0529425116233648,-0.045299513702177795,0.9634876009887692,0.9834134306200117,0.8997729058552106,0.59520997465256,0.30456293120265066
0.078125,1.0527303988348373,-0.04643407718785871,0.9635001900669045,0.9833058314785716,0.8993157829810469,0.594515472826783,0.3048003101542639
0.080078125,1.052513045194497,-0.04756625459405677,0.9635167437366992,0.9831991010781693,0.8988675255754848,0.5938200034389988,0.30504752213648606
0.08203125,1.0522904613941153,-0.048695963758563415,0.9635372627463296,0.9830932532810348,0.8984282062116753,0.5931235809772978,0.3053046252343775
0.083984375,1.0520626582278223,-0.049823122320859003,0.9635617477288233,0.9829883019366759,0.897997898212199,0.5924262187751422,0.3055716794370568
0.0859375,1.0518296478950173,-0.050947644964062976,0.9635901978428465,0.9828842607204211,0.8975766721772468,0.5917279277603432,0.3058487444169036
0.087890625,1.0515914436103473,-0.05206944413431498,0.9636226112279636,0.9827811431819665,0.8971645972649318,0.5910287170634722,0.3061358802014596
0.08984375,1.0513480586107005,-0.05318843222420989,0.9636589860034729,0.9826789628682749,0.8967617437262665,0.5903285948281889,0.30643314889807755
0.091796875,1.0510995061329482,-0.05430452162642535,0.9636993202886759,0.9825777333263018,0.8963681829825936,0.5896275682235774,0.30674061475901615
0.09375,1.050845799413968,-0.05541762473361142,0.963743612202873,0.9824774681030046,0.8959839876570256,0.5889256434475021,0.3070583442095235
0.095703125,1.0505869516915938,-0.056527653937380504,0.9637918598640074,0.9823781807452209,0.8956092316027446,0.588222825727272,0.30738640587547267
0.09765625,1.0503229768618685,-0.05763452021979909,0.9638440607131471,0.9822798847182737,0.8952439882098613,0.5875191187466624,0.30772486946319894
0.099609375,1.0500538905873544,-0.058738130622503104,0.963900210432676,0.9821825932690201,0.8948883277670446,0.5868145239379503,0.30807380382909433
0.1015625,1.0497797088220633,-0.05983839151283154,0.9639603044237222,0.9820863196083216,0.8945423211971791,0.5861090416337913,0.30843327956338784
0.103515625,1.0495004475199998,-0.060935209258150255,0.964024338087414,0.9819910769470354,0.8942060407786938,0.5854026712506002,0.3088033695280936
0.10546875,1.0492161226351888,-0.0620284902257443,0.9640923068248763,0.981896878496027,0.8938795601814382,0.5846954112926055,0.30918414888883267
0.107421875,1.0489267501216348,-0.06311814078297963,0.9641642060372378,0.9818037374661546,0.8935629545035475,0.5839872593555339,0.3095756951480136
0.109375,1.0486323460641753,-0.06420406701426012,0.9642400309936687,0.9817116670521567,0.8932562999753474,0.5832782120292928,0.30997808794605464
0.111328125,1.048332928189624,-0.06528617129656103,0.9643197753435493,0.9816206802457547,0.8929596702875522,0.5825682638971188,0.31039140639043344
0.11328125,1.0480285153380107,-0.06636435342802645,0.9644034316532909,0.9815307899007489,0.8926731379818128,0.5818574079898314,0.31081572999198137
0.115234375,1.047719126370115,-0.0674385131561349,0.9644909924697214,0.9814420088683566,0.8923967771136119,0.5811456364795103,0.3112511406341016
0.1171875,1.047404780146718,-0.06850855022836498,0.9645824503396684,0.9813543499997959,0.892130663339911,0.5804329406946074,0.3116977226453036
0.119140625,1.0470854955285913,-0.06957436439222141,0.9646777978099622,0.9812678261462823,0.8918748739606838,0.579719311124461,0.3121555628362228
0.12109375,1.0467612913784037,-0.07063585539173742,0.9647770274255686,0.9811824501588255,0.8916294879570383,0.5790047374224443,0.312624750534594
0.123046875,1.0464321873599154,-0.07169292114380393,0.9648801309489312,0.9810982347896037,0.8913945840883921,0.5782892079232071,0.3131053761651849
0.125,1.046098205141943,-0.07274545489071864,0.9649870981872734,0.9810151925413324,0.891170238003094,0.5775727089491618,0.31359752905393223
0.126953125,1.0457593666997933,-0.07379334914553091,0.9650979186494261,0.9809333358782875,0.8909565263948938,0.5768552258685054,0.31410130052638835
0.12890625,1.0454156940087729,-0.07483649642129017,0.9652125818442204,0.9808526772647433,0.890753527789353,0.5761367432859049,0.31461678450344815
0.130859375,1.0450672090441884,-0.07587478923104578,0.9653310772804872,0.9807732291649754,0.8905613225900493,0.5754172450478602,0.31514407754218904
0.1328125,1.0447139337813467,-0.07690812008784718,0.9654533944670576,0.980695004043259,0.8903799931260801,0.5746967142478828,0.3156832788781972
0.134765625,1.0443558903637735,-0.07793638111868834,0.9655795227507916,0.9806180143433413,0.8902096232981734,0.5739751331431788,0.3162344901549946
0.13671875,1.0439931028642604,-0.07895945992308406,0.9657094495953777,0.9805422722680205,0.8900502942926554,0.5732524821407396,0.3167978121519157
0.138671875,1.043625596580125,-0.07997724118655236,0.9658431612589345,0.9804677898649439,0.8899020862880973,0.5725287402066642,0.31737334608143314
0.140625,1.0432533968277542,-0.08098960954782694,0.9659806439804276,0.9803945791792562,0.8897650814954334,0.5718038856239168,0.31796119587151667
0.142578125,1.0428765289235424,-0.08199644964561628,0.9661218839988185,0.9803226522561035,0.8896393642578119,0.5710778960120599,0.31856146824575193
0.14453125,1.042495018183885,-0.0829976461186289,0.9662668675530699,0.9802520211406316,0.8895250211027741,0.5703507483333828,0.3191742727693912
0.146484375,1.042108889928607,-0.08399308359816043,0.9664155808792615,0.9801826978776419,0.8894221407893566,0.5696224188988651,0.3197997218904914
0.1484375,1.0417181704564882,-0.08498264440487648,0.9665680092588556,0.9801146943896498,0.8893308119484478,0.5688928828430267,0.32043792910542107
0.150390625,1.0413228883488446,-0.08596620541125685,0.966724135706407,0.9800480223066692,0.889251119713723,0.5681621132846875,0.3210890064290355
0.15234375,1.0409230725093466,-0.08694364271202501,0.9668839429106758,0.9799826932163888,0.8891831507229204,0.5674300825576002,0.3217530681653202
0.154296875,1.0405187518416934,-0.08791483240183237,0.9670474135604106,0.9799187187065018,0.8891269940170385,0.5666967624433142,0.32243023157372436
0.15625,1.0401099552495554,-0.08887965057540252,0.9672145303443713,0.9798561103646971,0.8890827410968924,0.5659621241783322,0.32312061691856026
0.158203125,1.039696711636613,-0.0898379733274349,0.9673852759513146,0.9797948797786649,0.8890504859811725,0.5652261384612579,0.32382434751991457
0.16015625,1.0392790501232392,-0.09078967623885029,0.9675596328603128,0.9797350385093914,0.8890303247313771,0.5644887753555418,0.3245415493758354
0.162109375,1.0388570021021288,-0.09173462944909541,0.9677375812772615,0.9796765978237041,0.8890223501084902,0.5637500030221764,0.32527234708631375
0.1640625,1.0384306003137715,-0.09267269984907743,0.9679191000307412,0.9796195688084387,0.8890266538757827,0.5630097882298147,0.32601686564596805
0.166015625,1.037999877515901,-0.09360375428749539,0.9681041679308156,0.9795639625479582,0.8890433304331151,0.5622680973094614,0.32677523312365375
0.16796875,1.0375648664662394,-0.09452765961307101,0.9682927637875527,0.9795097901266242,0.8890724769276179,0.5615248961789164,0.3275475807487015
0.169921875,1.037125599922541,-0.09544428267445787,0.9684848664110073,0.9794570626288024,0.8891141933155988,0.5607801503512699,0.32833404296432894
0.171875,1.0366821106484805,-0.09635349030637841,0.9686804546062767,0.9794057911383014,0.8891685824145064,0.5600338249435518,0.3291347574709545
0.173828125,1.03623443260538,-0.0972551464658537,0.9688795059741429,0.9793559865830952,0.8892357467878145,0.5592858839722564,0.32994986281555805
0.17578125,1.035782602354867,-0.09814910884073359,0.9690819954295382,0.9793076595372985,0.889315784729019,0.5585362892852631,0.3307794954437559
0.177734375,1.0353266567970376,-0.09903523430008936,0.9692878975285493,0.9792608205269476,0.8894087965305222,0.5577850021814212,0.3316237943491009
0.1796875,1.0348666328319882,-0.09991337971299241,0.9694971868272636,0.9792154800780792,0.8895148855240883,0.5570319837010005,0.3324829018230878
0.181640625,1.0344025673598145,-0.10078340194851411,0.969709837881768,0.97917164871673,0.8896341581455318,0.5562771946356855,0.33335696350984634
0.18359375,1.0339344972806013,-0.10164515787574689,0.9699258252481551,0.9791293369689354,0.889766724000951,0.5555205955383928,0.33424612846255825
0.185546875,1.0334624597734572,-0.10249850368989634,0.9701451232022155,0.979088555324927,0.8899126951822797,0.5547621465785515,0.33515054860372817
0.1875,1.0329864946947034,-0.1033432891284417,0.9703677032278477,0.9790493139042792,0.8900721794082269,0.5540018058397658,0.3360703735684611
0.189453125,1.0325066433823276,-0.10417936035809813,0.9705935352253637,0.9790116226112646,0.8902452832751807,0.5532395300948295,0.3370057531803512
0.19140625,1.0320229471895153,-0.1050065635090354,0.9708225890778023,0.9789754913476735,0.8904321166548083,0.5524752760223229,0.3379568406324853
0.193359375,1.0315354474694527,-0.10582474471142328,0.9710548346682024,0.9789409300152975,0.8906327928092923,0.551709000235036,0.33892379257425637
0.1953125,1.0310441855753263,-0.10663375009543159,0.9712902418796028,0.9789079485159274,0.8908474284585196,0.5509406592916688,0.3399067691668508
0.197265625,1.0305492028702152,-0.10743342576650487,0.9715287805860429,0.9788765567504466,0.8910761438257395,0.550170209707018,0.34090593411872155
0.19921875,1.0300505421812616,-0.10822361429249383,0.9717704191220735,0.9788467644147691,0.8913190584179385,0.5493976069509375,0.341921451467001
0.201171875,1.0295482492945005,-0.10900415113800464,0.972015122631807,0.9788185807636699,0.8915762862839385,0.5486228041751708,0.3429534821087677
0.203125,1.0290423703499216,-0.10977487092359824,0.9722628558679146,0.9787920149958232,0.8918479439387317,0.5478457543381179,0.34400218960061374
0.205078125,1.0285329514875272,-0.11053560826981607,0.9725135835830613,0.9787670763099056,0.8921341515481891,0.5470664105455247,0.34506774100266435
0.20703125,1.0280200388473186,-0.11128619779719948,0.972767270529912,0.9787437739045926,0.8924350329945009,0.5462847260643582,0.3461503069301427
0.208984375,1.0275036785692975,-0.11202647412628988,0.9730238814611316,0.9787221169785599,0.8927507159428272,0.5455006543365556,0.3472500616062716
0.2109375,1.026983917151983,-0.11275627100412937,0.9732833807503883,0.9787021146808984,0.8930813308277343,0.5447141487522793,0.34836718207545503
0.212890625,1.0264608042430488,-0.11347541464578308,0.9735457293475777,0.978683775679815,0.8934270020431858,0.5439251604570764,0.3495018415861095
0.21484375,1.0259343911130412,-0.11418372743586824,0.9738108864038169,0.9786671083792451,0.8937878525487082,0.5431336395345834,0.3506542130141248
0.216796875,1.0254047290455117,-0.11488103172950583,0.9740788110550511,0.9786521211806389,0.8941640091182564,0.5423395364485597,0.35182447266969674
0.21875,1.0248718693239736,-0.11556714988186932,0.9743494624372449,0.9786388224854462,0.8945556024453543,0.541542802073651,0.35301280037170324
0.220703125,1.0243358632319517,-0.1162419042481146,0.9746227996863565,0.9786272206951164,0.894962767203517,0.5407433877117371,0.3542193794917799
0.22265625,1.023796762068889,-0.1169051171411233,0.974898781922029,0.9786173242095489,0.8953856420612483,0.5399412451001133,0.355444396961135
0.224609375,1.0232546189191865,-0.11755660660793174,0.9751773663069305,0.9786091411513356,0.8958243639761497,0.5391363250659909,0.3566880389101589
0.2265625,1.022709490221133,-0.11819618287539294,0.9754585062742079,0.9786026790795054,0.8962790627846893,0.538328576223412,0.35795048656127726
0.228515625,1.0221614327804103,-0.11882365533660587,0.9757421548423238,0.9785979454863709,0.896749871059827,0.5375179475315115,0.3592319235283155
0.23046875,1.021610503402687,-0.11943883338468463,0.9760282650297482,0.9785949478642442,0.8972369254048055,0.5367043886479579,0.3605325367568476
0.232421875,1.0210567588936716,-0.12004152641269794,0.9763167898549298,0.9785936937054373,0.8977403665014472,0.5358878499481465,0.3618525165533006
0.234375,1.0205002560590324,-0.12063154381376019,0.9766076823363384,0.9785941905022624,0.898260339158657,0.5350682825440839,0.3631920566145731
0.236328125,1.0199410521636383,-0.12120869386795705,0.9769008949834789,0.9785964456763888,0.8987969908130191,0.5342456379532596,0.3645513528597595
0.23828125,1.0193792081591024,-0.12177277636410638,0.9771963761927965,0.9786004660111534,0.8993504604464769,0.5334198656033846,0.3659305948430923
0.240234375,1.0188147867605426,-0.12232358718513119,0.9774940723839601,0.9786062579596463,0.899920884958166,0.5325909144659131,0.3673299704922529
0.2421875,1.0182478506936181,-0.12286092219355177,0.9777939299646454,0.9786138279725127,0.9005084052075306,0.5317587345297924,0.36874967067773823
0.244140625,1.0176784626839879,-0.12338457725188848,0.9780958953425286,0.9786231825003981,0.9011131660798904,0.5309232768330263,0.37018988924686413
0.24609375,1.017106685457296,-0.12389434822267398,0.9783999149252932,0.9786343279939481,0.9017353165135398,0.5300844934847752,0.3716508230287647
0.248046875,1.0165325817642286,-0.12439003089757532,0.9787059350917598,0.9786472709010589,0.90237500943643,0.5292423376654521,0.37313267177097786
0.25,1.0159562165184708,-0.12487141611977548,0.9790138997949054,0.9786620172864195,0.9030323942172152,0.5283967620517365,0.37463563216547874
0.251953125,1.0153776584017526,-0.1253382866333786,0.9793237487926056,0.9786785724829604,0.9037076108595283,0.5275477178690904,0.37615989299043795
0.25390625,1.0147969764714249,-0.1257904244333416,0.9796354214279829,0.9786969417434949,0.9044008018109588,0.5266951574765628,0.3777056443343961
0.255859375,1.0142142397848362,-0.12622761151462142,0.9799488570441585,0.9787171303208357,0.9051121132702451,0.5258390346558812,0.3792730786143638
0.2578125,1.0136295173993364,-0.126649629872175,0.980263994984254,0.9787391434677966,0.9058416951815919,0.5249793046368788,0.38086239054471305
0.259765625,1.0130428783722754,-0.1270562615009593,0.9805807745913911,0.9787629864371908,0.9065897012264001,0.5241159241227649,0.38247377710363534
0.26171875,1.0124543923454778,-0.12744728702761815,0.9808991345426519,0.9787886643790347,0.9073562866475472,0.5232488508716479,0.38410743577589934
0.263671875,1.011864133231217,-0.1278224781851823,0.9812190087921445,0.978816181583882,0.9081415948762949,0.5223780415236566,0.38576355335263823
0.265625,1.0112721768271806,-0.12818160315421967,0.9815403292573974,0.9788455419261198,0.9089457659563785,0.5215034534790739,0.38744231247730465
0.267578125,1.0106785989389455,-0.128524430106103,0.9818630278481387,0.978876749277825,0.9097689430683162,0.5206250459741176,0.38914389709419867
0.26953125,1.0100834753721022,-0.12885072721219573,0.982187036474088,0.9789098075110731,0.9106112725016939,0.5197427801112351,0.3908684923904589
0.271484375,1.0094868819322425,-0.1291602626438612,0.9825122870449651,0.9789447204979401,0.9114729035971435,0.5188566188875806,0.3926162847095629
0.2734375,1.0088888944634808,-0.12945280445680896,0.9828387114215731,0.9789814921055152,0.9123539885202059,0.5179665271778926,0.39438746134231334
0.275390625,1.008289591398228,-0.12972811543379648,0.9831662386091321,0.9790201256648989,0.9132546726797345,0.5170724703733435,0.396182202306391
0.27734375,1.007689055324311,-0.1299859510825322,0.983494793233743,0.9790606235508941,0.9141750891336653,0.516174414439951,0.39800067469371425
0.279296875,1.007087369202535,-0.13022606638507173,0.9838242995504183,0.9791029880422202,0.9151153718309913,0.5152723275676644,0.39984304426332695
0.28125,1.0064846159937486,-0.1304482163234532,0.9841546818141467,0.9791472214175934,0.9160756567440738,0.5143661802670496,0.4017094764770241
0.283203125,1.0058808786587563,-0.13065215587973258,0.984485864279941,0.9791933259557333,0.9170560817415001,0.5134559454004782,0.4036001363410218
0.28515625,1.005276240158378,-0.13083764003595982,0.9848177712028056,0.9792413039353579,0.9180567864531552,0.512541598213268,0.40551518823988725
0.287109375,1.0046707841881295,-0.13100442222163777,0.9851503260102777,0.9792911574837891,0.9190779092240119,0.5116231159400808,0.4074547932839311
0.2890625,1.0040645992827189,-0.1311522480740666,0.9854834471609605,0.979342887566565,0.9201195720979092,0.5107004772925776,0.4094190948053316
0.291015625,1.0034577759286398,-0.13128086089176455,0.9858170512683411,0.9793964946262717,0.9211818911863725,0.509773663870282,0.41140822731609045
0.29296875,1.0028504046175928,-0.13139000397664397,0.9861510549428897,0.9794519791034492,0.9222649829317837,0.5088426600806949,0.4134223228510888
0.294921875,1.002242575841264,-0.13147942063061935,0.986485374795085,0.9795093414386385,0.9233689638987366,0.5079074531652522,0.4154615107334843
0.296875,1.0016343800913838,-0.1315488541555987,0.9868199274353805,0.9795685820723766,0.9244939505431344,0.5069680332322741,0.4175259173108603
0.298828125,1.0010259079179096,-0.13159804767388178,0.9871546293960537,0.9796297014360781,0.925640058689956,0.5060243932142325,0.41961566547572354
0.30078125,1.0004172528902435,-0.13162673977293687,0.9874893941684341,0.9796926992104079,0.9268073922089304,0.5050765287477749,0.4217308634611555
0.302734375,0.9998085129937561,-0.13163466490246545,0.9878241313249706,0.9797575738328231,0.9279960387259387,0.5041244401510024,0.42387159857493634
0.3046875,0.9991997865637251,-0.13162155744269996,0.9881587501823423,0.9798243236272295,0.9292060827813171,0.503168131344452,0.426037951436865
0.306640625,0.9985911719354287,-0.13158715177387298,0.9884931600572286,0.979892946917532,0.9304376064722566,0.5022076095708927,0.4282299969013638
0.30859375,0.9979827674441445,-0.13153118227621702,0.9888272702663083,0.9799634420276362,0.9316906890990847,0.5012428854283847,0.4304478036707
0.310546875,0.9973746714251361,-0.13145338332996237,0.9891609901262687,0.9800358072814491,0.9329654067967628,0.5002739729026311,0.43269143389413167
0.3125,0.9967669831141832,-0.13135348787671022,0.9894942280242539,0.9801100407795674,0.9342618285243675,0.49930088930445526,0.4349609392199122
0.314453125,0.9961598069966062,-0.13123122544569768,0.9898268880171507,0.9801861390653798,0.9355800013578162,0.4983236587737232,0.43725634258409296
0.31640625,0.9955532494541129,-0.13108632596181768,0.9901588729539023,0.9802640980361473,0.9369199617874364,0.49734231162851456,0.4395776501589219
0.318359375,0.9949474168709658,-0.1309185193651344,0.990490085685027,0.9803439135875093,0.9382817403252139,0.49635688198930444,0.44192485833590955
0.3203125,0.9943424156314273,-0.13072753559571199,0.9908204290610438,0.9804255816151045,0.9396653609973347,0.49536740779510124,0.4442979532022335
0.322265625,0.99373835211976,-0.13051310459361457,0.9911498059324715,0.9805090980145723,0.9410708408218604,0.49437393083311776,0.44669690998874273
0.32421875,0.9931353328060577,-0.13027495604812028,0.9914781190358463,0.9805944586649382,0.9424981888226354,0.4933764966753148,0.4491216921473205
0.326171875,0.9925334675104679,-0.13001281828972344,0.9918052685224206,0.9806816584058246,0.9439473943485892,0.49237515773071094,0.4515722366178783
0.328125,0.9919328704123357,-0.12972642286617184,0.9921311522814983,0.9807706904931454,0.9454184258064349,0.491369978124905,0.4540484476815299
0.330078125,0.9913336559829892,-0.1294155020521234,0.992455668163933,0.9808615480530078,0.946911240557686,0.4903610270754594,0.4565502134822266
0.33203125,0.9907359386937696,-0.1290797881222421,0.9927787140205699,0.9809542242115171,0.9484257846268513,0.48934837801401515,0.45907740661283625
0.333984375,0.9901398330160195,-0.1287190133511919,0.9931001877022548,0.9810487120947777,0.9499619920035738,0.48833210860955734,0.4616298833940165
0.3359375,0.989545453421081,-0.12833291001363686,0.9934199870598327,0.9811450048288951,0.9515197839241634,0.48731230078999455,0.4642074831341688
0.337890625,0.9889529154293535,-0.12792120985815933,0.9937380091138065,0.9812430952143995,0.9530990641808124,0.48628904166145065,0.4668100225193617
0.33984375,0.9883623397778832,-0.1274836517267216,0.9940541488934581,0.9813429740158823,0.9546997089545424,0.485262434486973,0.46943727446756944
0.341796875,0.9877738488172306,-0.12701997991356226,0.9943683015295924,0.9814446312282926,0.9563215762708739,0.48423259310145883,0.472088983169415
0.34375,0.9871875648983542,-0.12652993873506477,0.9946803621576185,0.9815480568455057,0.9579645067264199,0.48319963584244735,0.4747648708839725
0.345703125,0.9866036103721697,-0.12601327250757882,0.9949902259129678,0.9816532408614035,0.9596283225939339,0.4821636855449032,0.4774646370490308
0.34765625,0.9860221075896064,-0.12546972554746505,0.9952977879310649,0.9817601732698655,0.9613128269214939,0.48112486955098793,0.4801879573705059
0.349609375,0.98544317902208,-0.12489904190147981,0.9956029432075438,0.9818688440351555,0.9630178019872335,0.4800833196768603,0.4829344823103733
0.3515625,0.9848669504977089,-0.12430097215342133,0.9959055858960364,0.9819792417239903,0.9647430008128569,0.47903918145761026,0.48570381935524665
0.353515625,0.9842935515144712,-0.12367528401841767,0.9962056113991238,0.9820913529683043,0.9664881511875888,0.477992622365857,0.4884955288217318
0.35546875,0.9837231117521242,-0.12302174713256735,0.9965029154142738,0.982205164260497,0.968252956783553,0.4769438160856439,0.49130914069790915
0.357421875,0.9831557608904113,-0.12234013113195186,0.9967973936389615,0.9823206620929705,0.970037095474796,0.47589294085919914,0.49414415461559685
0.359375,0.9825916286091178,-0.12163020565270319,0.9970889417706401,0.9824378329581189,0.9718402182790297,0.47484017947903256,0.4970000387999971
0.361328125,0.9820308445879864,-0.12089174033090352,0.9973774555067846,0.9825566633483446,0.9736619482878878,0.47378571927633395,0.4998762290115538
0.36328125,0.98147353960681,-0.12012450692376898,0.9976628302775407,0.9826771392953113,0.9755018765640873,0.4727297551755459,0.5027721213885414
0.365234375,0.9809198487010576,-0.11932830440629301,0.9979449645338125,0.9827992442957791,0.9773595641206912,0.4716725119322831,0.5056870521884081
0.3671875,0.9803699078709017,-0.11850294506924872,0.998223758935376,0.9829229609890521,0.979234543914616,0.470614229499711,0.508620314414905
0.369140625,0.9798238531156198,-0.11764824122364942,0.998499114146909,0.9830482720139412,0.9811263147993867,0.4695551521853366,0.5115711626140501
0.37109375,0.9792818204344895,-0.1167640051805084,0.9987709308330898,0.9831751600092562,0.9830343403640359,0.4684955286064546,0.5145388117575813
0.373046875,0.9787439458267752,-0.11585004925081613,0.9990391096586033,0.9833036076138105,0.9849580477922157,0.467435611654244,0.5175224361379718
0.375,0.9782103654454193,-0.11490618568118918,0.999303551180317,0.9834335974158137,0.9868968260406945,0.4663756586556666,0.5205211673850278
0.376953125,0.9776812180876229,-0.11393224873129401,0.9995641589337496,0.98356511022604,0.9888500276869294,0.46531595038433005,0.5235340773025994
0.37890625,0.977156644472588,-0.11292811160669908,0.9998208434164733,0.9836981246635969,0.9908169803538871,0.4642568012514719,0.5265601791024153
0.380859375,0.9766367853253382,-0.11189365088592905,1.0000735158276377,0.9838326192133205,0.9927969711673141,0.4631985317592304,0.5295984394080837
0.3828125,0.976121781370897,-0.11082874314750851,1.0003220873663938,0.9839685723600465,0.9947892435828115,0.46214146612254925,0.5326477774602623
0.384765625,0.975611773334288,-0.10973326496996212,1.000566469231891,0.9841059625886112,0.9967929963190867,0.4610859322046165,0.5357070641144702
0.38671875,0.9751069019405342,-0.10860709293181448,1.00080657262328,0.9842447683838503,0.9988073823259997,0.46003226144686266,0.5387751208791371
0.388671875,0.9746073088076945,-0.10745011146956085,1.0010423098707335,0.9843849676154373,1.0008315085261401,0.45898079565779504,0.541850712868345
0.390625,0.9741131372573639,-0.10626226371795576,1.00127360445416,0.9845265352603779,1.0028644610305129,0.4579319219051064,0.5449325391254065
0.392578125,0.9736245304411042,-0.10504351585830687,1.0015003846873085,0.9846694454474694,1.0049052905300493,0.45688604503330954,0.5480192454967397
0.39453125,0.9731416315095336,-0.10379383408211434,1.0017225788865531,0.9848136723054254,1.006952996921961,0.45584357260312625,0.5511094243188347
0.396484375,0.9726645836132829,-0.10251318458090719,1.0019401153682617,0.9849591899629562,1.0090065285261962,0.4548049147928965,0.5542016137332998
0.3984375,0.972193529902983,-0.10120153354621438,1.002152922448802,0.9851059725487719,1.011064781386419,0.45377048429904915,0.5572942970873699
0.400390625,0.9717286136873962,-0.09985884788055016,1.002360928521154,0.9852539941115667,1.013126598360872,0.4527406970470411,0.5603859013138308
0.40234375,0.9712699789334839,-0.09848514092302878,1.0025640711984982,0.9854032266519761,1.0151907927041988,0.4517160027329161,0.5634747899712828
0.404296875,0.9708177683455309,-0.09708049154922944,1.002762302062207,0.9855536400004639,1.0172561667723816,0.45069689230825954,0.566559274464122
0.40625,0.9703721243999587,-0.09564498318125772,1.0029555737238522,0.985705203883039,1.019321471663258,0.44968386047181896,0.5696376111914389
0.408203125,0.9699331895732218,-0.09417869924132528,1.0031438387949907,0.985857888025699,1.0213854033736824,0.44867740311523147,0.572708000258451
0.41015625,0.9695011063417412,-0.09268172315153844,1.003327049887194,0.9860116621544525,1.0234466027230533,0.4476780172009604,0.5757685855220929
0.412109375,0.9690760171819494,-0.09115413833403832,1.0035051596120297,0.9861664959953043,1.0255036554056964,0.4466862006347035,0.5788174547709929
0.4140625,0.96865806474577,-0.08959604585589222,1.0036781241919306,0.986322358535764,1.0275551015723907,0.44570246399521485,0.5818526375771759
0.416015625,0.9682473886702382,-0.08800764266299518,1.003845920626709,0.9864792159402852,1.0295994952526761,0.44472737187524014,0.584872123377436
0.41796875,0.9678441268283984,-0.08638915651157343,1.0040085328246793,0.9866370337045375,1.0316353620399017,0.44376150361791944,0.5878738584219821
0.419921875,0.9674484170931005,-0.08474081515906787,1.0041659446944657,0.9867957773242017,1.0336611743216395,0.4428054380360308,0.5908557362856087
0.421875,0.9670603973371843,-0.0830628463628778,1.0043181401446961,0.9869554122949631,1.0356753521204403,0.44185975328399496,0.5938155988364454
0.423828125,0.9666802054335185,-0.08135547788052663,1.0044651030839864,0.9871159041124947,1.0376762641098622,0.44092502672597833,0.596751237383884
0.42578125,0.9663079793322972,-0.07961893991889875,1.004606817937115,0.9872772181619033,1.0396622299289002,0.44000183666412684,0.5996603932647734
0.427734375,0.9659438538974038,-0.07785353742583773,1.0047432855698704,0.9874393178569733,1.041631577843429,0.43909079934866757,0.6025407784947615
0.4296875,0.9655879581815497,-0.07605966039537812,1.004874525847973,0.9876021649605414,1.0435826648180373,0.4381925661333511,0.6053900986846863
0.431640625,0.9652404207698232,-0.07423770333212268,1.005000559665086,0.9877657211889415,1.045513808461992,0.43730778747194915,0.6082060209900427
0.43359375,0.9649013702473112,-0.07238806074067418,1.0051214079148716,0.9879299482585073,1.0474232843637783,0.43643711135900015,0.6109861730047782
0.435546875,0.9645709351991016,-0.07051112712563541,1.0052370914909918,0.9880948078855724,1.0493093282630452,0.4355811832216941,0.6137281450413511
0.4375,0.9642492442104204,-0.0686072969914442,1.0053476312870893,0.9882602617864475,1.0511701384244045,0.4347406458107063,0.6164294926136983
0.439453125,0.9639364245557585,-0.06667699446113573,1.0054530548291676,0.9884262709518471,1.0530039019760127,0.4339161543337447,0.619087747642268
0.44140625,0.9636325937862013,-0.06472076318613486,1.0055534162900333,0.9885927943759979,1.0548088890133362,0.43310840573152865,0.6217004832818075
0.443359375,0.9633378659775371,-0.06273917691356634,1.0056487765242559,0.9887597907662605,1.056583375917209,0.4323181005401741,0.6242652753770348
0.4453125,0.9630523552055557,-0.06073280939055493,1.0057391963864049,0.988927218829996,1.0583256156982648,0.4315459352707714,0.6267796804274933
0.447265625,0.9627761755460461,-0.05870223436422537,1.00582473673105,0.989095037274565,1.0600338412943644,0.43079260236057065,0.6292412389337937
0.44921875,0.9625094410747975,-0.05664802558170241,1.0059054584127605,0.9892632048073288,1.0617062690529022,0.43005879012661863,0.6316474789262837
0.451171875,0.9622522657054476,-0.054570761726864446,1.0059814234287874,0.9894316800156917,1.0633411062662255,0.4293451855426309,0.6339959207235947
0.453125,0.9620047549281857,-0.05247111182287614,1.006052713904061,0.9896004202110184,1.06493664495927,0.4286525005675748,0.6362841443916952
0.455078125,0.9617670035460495,-0.05034982354409131,1.0061194290059778,0.9897693821586088,1.066491269776936,0.42798145413784516,0.6385098156390908
0.45703125,0.9615391057451633,-0.04820764715770586,1.0061816684258538,0.989938522650336,1.0680033720925757,0.4273327594975045,0.6406706125950712
0.458984375,0.961321155711658,-0.04604533293096704,1.0062395318550024,0.990107798478069,1.0694713498789912,0.4267071249323128,0.6427642249466785
0.4609375,0.9611132476316644,-0.043863631131122106,1.0062931189847382,0.9902771664336767,1.0708936119013808,0.42610525382177417,0.6447883580796067
0.462890625,0.9609154756924824,-0.04166329203619059,1.0063425295092723,0.9904465833085861,1.0722685820224667,0.42552784471092564,0.646740737311541
0.46484375,0.9607279305289562,-0.03944510206303708,1.0063878712362397,0.9906160054510922,1.073594743081189,0.42497560234522735,0.6486191407359617
0.466796875,0.960550686058658,-0.0372099495837265,1.0064292734237283,0.9907853888904781,1.0748707428643671,0.4244492287815034,0.6504215140828637
0.46875,0.9603838115589005,-0.034958739601173384,1.0064668684175173,0.9909546898701044,1.0760952919908104,0.4239494131546711,0.6521458788361393
0.470703125,0.960227376307009,-0.032692377118458474,1.0065007885633834,0.991123864633319,1.077267137574977,0.42347683966909455,0.6537902979058824
0.47265625,0.9600814495802964,-0.030411767138496665,1.006531166207106,0.9912928694234819,1.0783850674158453,0.42303218777089163,0.6553528796449537
0.474609375,0.9599461006560794,-0.02811781466425799,1.0065581336944638,0.9914616604839498,1.0794479141877127,0.4226161323306083,0.6568317818571044
0.4765625,0.9598213982314027,-0.02581143115169258,1.006581824854941,0.991630193982889,1.0804545666364749,0.4222293460692314,0.6582252205672434
0.478515625,0.9597073971143187,-0.023493598826674265,1.0066023879140356,0.9917984261852382,1.0814040768947297,0.42187248891938167,0.659531587975348
0.48046875,0.9596041381970041,-0.021165336385807063,1.0066199768314619,0.9919663142332913,1.082295642732882,0.4215461825937426,0.6607494601391394
0.482421875,0.9595116617820401,-0.018827662024020246,1.0066347452933717,0.9921338153529004,1.083128528219147,0.4212510419647025,0.6618774862544445
0.484375,0.9594300081720073,-0.016481593936185337,1.006646846985917,0.9923008867699223,1.0839020648258224,0.4209876783157621,0.6629143865100603
0.486328125,0.9593592176694913,-0.014128150317346986,1.0066564355952485,0.9924674857102014,1.08461565462326,0.42075669964273266,0.6638589549805273
0.48828125,0.9592993305771943,-0.011768349418915377,1.0066636648220177,0.9926335693984375,1.0852687733923962,0.4205587110094933,0.6647100623829029
0.490234375,0.9592503812961681,-0.009403235930526724,1.0066686935989928,0.99279909520593,1.0858610186844764,0.4203943085309986,0.6654667101534778
0.4921875,0.959212383236815,-0.0070338879964825605,1.0066716839669076,0.9929640222498605,1.086392185816838,0.4202640182744016,0.6661281675424364
0.494140625,0.9591853451648364,-0.004661379256310632,1.0066727956072634,0.9931283102744074,1.0868621709988286,0.4201683404537247,0.6666938305451039
0.49609375,0.9591692758459348,-0.0022867833495386915,1.0066721882015601,0.9932919190237496,1.087270955505946,0.4201077737011322,0.6671631818048138
0.498046875,0.9591641840458116,0.0000888260843055098,1.0066700214312985,0.9934548082420657,1.0876186071325438,0.4200828154500748,0.667535791682469
0.5,0.959170078530169,0.002464375405694222,1.0066664549779794,0.9936169376735341,1.0879052814556471,0.4200939623289355,0.6678113191267117
0.501953125,0.9591869670174366,0.004838786478492511,1.0066616494011797,0.9937782670983721,1.0881312308351718,0.4201417092991419,0.6679895215360299
0.50390625,0.9592148402391334,0.007210969969117707,1.006655763704284,0.9939387580273708,1.0882968820680814,0.42022648464523665,0.6680703974228448
0.505859375,0.9592536751440831,0.009579860368620375,1.0066489472066442,0.9940983739864009,1.088402797235151,0.42034863835774755,0.6680541588774036
0.5078125,0.9593034482833909,0.011944394940365123,1.0066413484146597,0.99425707859818,1.0884496277377873,0.42050851741047296,0.6679411103273143
0.509765625,0.9593641362081615,0.014303510947716562,1.0066331158347273,0.9944148354854259,1.0884381138395103,0.4207064699924592,0.6677316438470511
0.51171875,0.9594357154695002,0.01665614565403931,1.0066243979732448,0.9945716082708558,1.0883690838494653,0.42094284591735476,0.6674262379321104
0.513671875,0.9595181626110898,0.01900123622800243,1.0066153433584435,0.9947273605763745,1.0882434532234448,0.4212179970766289,0.667025456146816
0.515625,0.9596114469814644,0.02133772086168431,1.0066060983392995,0.9948820568717741,1.08806225441826,0.42153224510937976,0.6665300093088804
0.517578125,0.9597155177258386,0.023664592171267058,1.0065967901805621,0.9950356649161913,1.087826654520795,0.4218857845934527,0.6659408699273425
0.51953125,0.9598303204993048,0.02598086335344981,1.0065875400386526,0.9951881532340083,1.0875379014517632,0.42227878244471484,0.6652591190070484
0.521484375,0.9599558009569632,0.02828554760510344,1.0065784690699913,0.9953394903496168,1.087197320288169,0.42271140891425313,0.6644859113739159
0.5234375,0.9600919047539116,0.03057765812304152,1.0065696984309989,0.9954896447874062,1.0868063106199428,0.4231838379386415,0.6636224726813014
0.525390625,0.9602385775452478,0.032856208104077585,1.0065613492780954,0.9956385850717651,1.0863663438003976,0.42369624749313134,0.6626700963072663
0.52734375,0.9603957636741192,0.03512021184107566,1.0065535421036673,0.9957862798987375,1.085878964799077,0.4242488131838125,0.6616301516152645
0.529296875,0.9605633915600755,0.03736874261440727,1.006546378318721,0.9959327008384985,1.0853458097706876,0.42484160065165344,0.6605042091190343
0.53125,0.9607413792488311,0.03960094075693004,1.0065399399975088,0.9960778218290635,1.0847685714513544,0.42547458501939966,0.6592939864319548
0.533203125,0.9609296446272597,0.04181594956691668,1.0065343084504805,0.996221616878261,1.084148995572075,0.42614774316023896,0.6580012524118358
0.53515625,0.9611281055822214,0.0440129123424767,1.0065295649880868,0.9963640599939093,1.0834888783972634,0.42686105675713293,0.6566278216401303
0.537109375,0.9613366800005897,0.04619097238188326,1.0065257909207772,0.9965051251838368,1.0827900629255223,0.4276145125295497,0.6551755503959725
0.5390625,0.9615552857493508,0.048349272949466025,1.0065230675584318,0.9966447864575595,1.0820544351999304,0.428408102384594,0.6536463328153364
0.541015625,0.9617838340666127,0.050486988710458605,1.0065214664711883,0.9967830191371815,1.081283923886744,0.4292417703182786,0.6520421535684654
0.54296875,0.9620222214176539,0.052603405854910266,1.0065210282319543,0.9969198021987933,1.0804804719102896,0.43011531881609527,0.6503651530941944
0.544921875,0.9622703424226963,0.05469783442474819,1.0065217873229895,0.9970551152489208,1.0796460394234022,0.4310285300797553,0.6486175093436469
0.546875,0.9625280917019611,0.0567695844618995,1.006523778226554,0.99718893789409,1.078782608039614,0.43198119097304594,0.6468014170665679
0.548828125,0.9627953638756768,0.058817966008341424,1.0065270354249078,0.9973212497408298,1.0778921768098666,0.43297309308723464,0.644919083722632
0.55078125,0.9630720535640518,0.06084228910590038,1.0065315934003107,0.9974520303956601,1.0769767583167735,0.43400403280390043,0.642972725512873
0.552734375,0.963358054180809,0.06284187074800898,1.0065374844975141,0.9975812597231947,1.0760383739749662,0.43507380044891614,0.64096457352605
0.5546875,0.9636532479156349,0.06481612784592422,1.0065447141755077,0.9977089206318361,1.075079021545559,0.43618206830694417,0.6388969532386148
0.556640625,0.9639575114134951,0.06676455205450432,1.0065532695702253,0.9978349979965663,1.0741006678827207,0.43732843644072145,0.6367722314419993
0.55859375,0.9642707213298171,0.06868663682137824,1.0065631374681072,0.9979594767239227,1.0731052716630234,0.4385125071237911,0.6345927645392323
0.560546875,0.9645927543200281,0.07058187559417493,1.0065743046555944,0.9980823417204434,1.0720947808738486,0.4397338857614979,0.6323608951123507
0.5625,0.9649234870395561,0.07244976182052332,1.0065867579191279,0.9982035778926664,1.0710711294440263,0.4409921807936853,0.630078948650341
0.564453125,0.9652627961150972,0.07428978907219785,1.0066004839958642,0.9983231701522975,1.0700362340242924,0.4422870033376747,0.6277492306866177
0.56640625,0.9656105536830112,0.07610149800451825,1.0066154572250512,0.998441104750409,1.06899197207268,0.44361791250021737,0.6253740595724625
0.568359375,0.9659666243985076,0.07788454601013836,1.0066316247947875,0.9985573709057185,1.0679401452550232,0.44498435790957586,0.6229557873454474
0.5703125,0.9663308724695988,0.07963860818514058,1.0066489304508959,0.9986719582205207,1.0668825161692632,0.4463857777787154,0.6204967383905479
0.572265625,0.9667031621042976,0.08136335962560726,1.0066673179391998,0.99878485629711,1.0658208137898895,0.4478216108876539,0.6179992029022356
0.57421875,0.9670833575106164,0.08305847542762074,1.0066867310055219,0.998896054737782,1.064756731013127,0.4492912963592574,0.6154654346538696
0.576171875,0.9674713228965678,0.08472363068726335,1.0067071133956849,0.9990055431448309,1.0636919223972132,0.4507942734354754,0.6128976489617378
0.578125,0.9678669216777289,0.08635851014391793,1.0067284063216164,0.9991133113778382,1.0626279972289296,0.4523299703408804,0.6102980268880491
0.580078125,0.9682700120772998,0.0879628972458218,1.006750529278305,0.9992193517007011,1.061566474892571,0.45389772700740455,0.6076687478851666
0.58203125,0.9686804510160733,0.08953663223205711,1.0067733917021757,0.9993236576282526,1.0605088024517266,0.455496844951689,0.6050119575000377
0.583984375,0.9690980954943811,0.0910795559432914,1.0067969030580155,0.9994262226812525,1.0594563774746981,0.4571266236124978,0.6023297538622004
0.5859375,0.9695228025125455,0.09259150922015229,1.006820972810611,0.9995270403804594,1.0584105467582787,0.45878635966770176,0.599624187090577
0.587890625,0.9699544290708886,0.09407233290326757,1.0068455104247482,0.9996261042466308,1.057372605055353,0.4604753467392534,0.5968972583160996
0.58984375,0.9703928321427028,0.09552186810259251,1.0068704252782872,0.9997234078076728,1.056343793781043,0.4621928747217529,0.5941509190592901
0.591796875,0.9708378668824419,0.09694000013352556,1.0068956175383565,0.9998189456180575,1.055325277479601,0.4639381933581609,0.59138708412144
0.59375,0.9712893873131612,0.09832670133532434,1.006920973971097,0.9999127141159712,1.0543181278209242,0.46571050036331024,0.588607627457614
0.595703125,0.9717472478443668,0.09968195356757371,1.0069463808622463,1.0000047099170952,1.053323356549275,0.467508987954044,0.585814368595231
0.59765625,0.9722113028855306,0.10100573868975911,1.0069717244975418,1.0000949296371042,1.0523419172983155,0.4693328426277459,0.5830090746705696
0.599609375,0.9726814068461582,0.10229803856146616,1.0069968911627216,1.0001833698916798,1.0513747051762703,0.47118124485338125,0.580193460322889
0.6015625,0.9731574141357446,0.10355883504224692,1.0070217671435233,1.0002700272965008,1.050422556478911,0.47305336876964516,0.5773691877092658
0.603515625,0.9736391788912818,0.10478811873922353,1.0070462369754107,1.0003548986596853,1.049486243724092,0.4749483750858945,0.5745378686381974
0.60546875,0.9741265552424022,0.1059859516223357,1.0070701761176417,1.0004379822895089,1.0485664527223855,0.47686538739164613,0.5717010653307394
0.607421875,0.9746193987320463,0.10715242805494625,1.0070934592358793,1.000519277130608,1.0476638048680158,0.4788035242002881,0.5688602806677278
0.609375,0.9751175649853802,0.10828764237316159,1.0071159611923126,1.000598782124457,1.0467788628026213,0.4807618969187044,0.5660169658839169
0.611328125,0.9756209096275822,0.10939168891311499,1.0071375568491312,1.0006764962125316,1.0459121301995014,0.4827396086175123,0.563172521581989
0.61328125,0.9761292882837934,0.1104646620108587,1.0071581210685239,1.0007524183363032,1.0450640520732302,0.4847357537671948,0.5603282983060353
0.615234375,0.9766425565641262,0.11150665631785586,1.0071775286302784,1.0008265474437552,1.0442350149303603,0.4867494176494729,0.5574855972808874
0.6171875,0.9771605705377544,0.11251779733099979,1.0071956513576723,1.0008988831059906,1.043425337591993,0.48877966814898,0.5546456694430132
0.619140625,0.9776831892658142,0.11349825987919561,1.0072123623075453,1.0009694258749302,1.042635281950168,0.4908255792649187,0.5518097026852493
0.62109375,0.9782102725324586,0.11444822230831382,1.00722753597067,1.0010381763688636,1.041865057769418,0.4928862230891408,0.5489788346802771
0.623046875,0.9787416801218393,0.11536786296422472,1.0072410468378168,1.0011051352060787,1.041114819835484,0.49496066202782635,0.5461541578076577
0.625,0.9792772718181086,0.1162573601927988,1.007252769399758,1.0011703030048644,1.040384668636499,0.49704794860871265,0.5433367200277863
0.626953125,0.9798169074054188,0.11711689233990642,1.0072625781472648,1.00123368038351,1.0396746510903494,0.49914712530076016,0.5405275257895892
0.62890625,0.9803604468466028,0.11794664370958251,1.0072703471957691,1.0012952680737393,1.038984759926904,0.5012572237244374,0.5377275362024666
0.630859375,0.9809077534771141,0.11874683782443268,1.0072759543440566,1.0013550675888663,1.03831494531336,0.5033772909393084,0.5349376543740516
0.6328125,0.9814586933038207,0.11951771139492776,1.007279282936281,1.001413080729478,1.0376651237351475,0.5055063935114857,0.5321587302236617
0.634765625,0.9820131323937229,0.12025950092775169,1.0072802165150523,1.0014693092933338,1.0370351641153668,0.5076435889537709,0.5293915751615959
0.63671875,0.9825709368138198,0.12097244292958849,1.0072786386229802,1.001523755078193,1.0364248880877565,0.5097879246998449,0.5266369633879117
0.638671875,0.9831319726311117,0.12165677390712212,1.0072744328026737,1.0015764198818145,1.03583407088287,0.5119384380099934,0.5238956328728765
0.640625,0.9836961059146349,0.12231273062949934,1.0072674825620738,1.0016273055061082,1.035262442113845,0.5140941557739849,0.5211682863398602
0.642578125,0.9842632046869276,0.1229405660255247,1.007257674488874,1.001676414073699,1.0347096963782514,0.5162541131734827,0.5184555832047687
0.64453125,0.9848331419441082,0.12354055257245128,1.0072449063420108,1.0017237481882948,1.0341755215360027,0.5184173947807529,0.5157581267552498
0.646484375,0.9854057914415185,0.1241129630317298,1.0072290780022368,1.0017693104850993,1.0336595723258641,0.5205830863889473,0.5130764859369169
0.6484375,0.9859810269345426,0.12465807016485554,1.0072100893503029,1.001813103599319,1.033161464543555,0.5227502645078186,0.5104112000357364
0.650390625,0.9865587221785506,0.1251761467333086,1.0071878402669612,1.001855130166159,1.0326807759567809,0.5249179963522436,0.5077627796045373
0.65234375,0.9871387509289122,0.12566746549856914,1.007162230632963,1.0018953928208247,1.0322170472247438,0.5270853398431778,0.5051317073815661
0.654296875,0.9877209874273231,0.12613230220628138,1.0071331612673975,1.0019338942557885,1.0317697860400852,0.5292513489723413,0.5025184370677438
0.65625,0.9883053109422216,0.1265709467576084,1.0071005451416695,1.0019706375729722,1.0313385074959562,0.5314151330930366,0.4999233744029198
0.658203125,0.988891603694039,0.12698369079664829,1.0070643033295803,1.002005626042918,1.0309227230861813,0.5335758348664101,0.4973468882197712
0.66015625,0.9894797479400111,0.12737082578587086,1.0070243570358075,1.0020388629360473,1.0305219145029718,0.5357325898813812,0.4947893246215907
0.662109375,0.9900696259373317,0.12773264318771776,1.0069806274650328,1.002070351522779,1.0301355340426384,0.5378845260878902,0.4922510079547482
0.6640625,0.9906611199432369,0.12806943446465946,1.0069330358219342,1.0021000950735348,1.0297630054604527,0.540030763863883,0.48973224159656964
0.666015625,0.9912541122340097,0.1283814912373825,1.0068815033463998,1.0021280968605653,1.0294037249507137,0.542170416299979,0.4872333086507347
0.66796875,0.9918484877878034,0.1286691100132134,1.006825958262881,1.0021543603374221,1.0290570878403178,0.5443026261664856,0.48475446167383224
0.669921875,0.9924441370535017,0.1289325886057148,1.0067663439142336,1.002178889286499,1.0287225211729163,0.5464266084371253,0.4822959127357909
0.671875,0.9930409511405589,0.12917222379450108,1.0067026056042458,1.0022016875245872,1.028399437232088,0.5485415824599893,0.4798578547720987
0.673828125,0.9936388211584299,0.1293883123591867,1.0066346886367052,1.0022227588684798,1.0280872271294899,0.5506467620997804,0.47744046502970944
0.67578125,0.9942376382165837,0.1295811510793906,1.0065625383153982,1.002242107134969,1.0277852615496306,0.55274135584736,0.4750439057022705
0.677734375,0.9948372934244454,0.12975103673471775,1.0064860999441165,1.0022597361408458,1.027492891486913,0.5548245669369339,0.47266832454997915
0.6796875,0.9954376785444391,0.12989826678536454,1.006405320623461,1.0022756497385428,1.0272094560077507,0.5568956030251693,0.47031385298258155
0.681640625,0.9960386908021509,0.13002313738470833,1.0063201627682834,1.002289852107928,1.0269343366231474,0.5589537481567521,0.4679805884663951
0.68359375,0.9966402301447667,0.13012594102830244,1.0062305965430582,1.0023023476045498,1.0266669302985734,0.560998323706482,0.4656686065920914
0.685546875,0.9972421965393353,0.1302069700965227,1.0061365921723662,1.0023131405856078,1.0264066204499511,0.5630286482426525,0.4633779722072987
0.6875,0.9978444899529066,0.13026651696974526,1.006038119880788,1.0023222354083017,1.0261527773224743,0.5650440373440566,0.46110873997841767
0.689453125,0.9984470103525299,0.130304874028346,1.0059351498929048,1.002329636429831,1.0259047585944585,0.5670438037329771,0.4588609548614815
0.69140625,0.9990496577382026,0.13032233370050705,1.0058276525337013,1.0023353480082744,1.0256619103815108,0.5690272579428147,0.456634652438696
0.693359375,0.9996523350247227,0.13031918632180334,1.005715606442408,1.0023393746753428,1.02542360173837,0.5709937526479153,0.4544298490904547
0.6953125,1.0002549502737093,0.13029571453941807,1.0055990045772267,1.0023417213298942,1.0251892515355492,0.572942716344623,0.4522465351909261
0.697265625,1.0008574120708724,0.13025219965647644,1.0054778413036871,1.0023423929166828,1.0249582769277232,0.5748735843764989,0.4500846925512244
0.69921875,1.0014596290019233,0.13018892297610363,1.0053521109873205,1.0023413943804624,1.0247300880728267,0.5767857914116286,0.44794429666119817
0.701171875,1.0020615096525727,0.13010616580142495,1.0052218079936563,1.0023387306659874,1.0245040885984715,0.5786787715692754,0.4458253170291962
0.703125,1.0026629626085313,0.13000420943556565,1.0050869266882256,1.002334406718012,1.0242796760598696,0.5805519585494165,0.4437277175104531
0.705078125,1.0032638971691528,0.12988333439223573,1.0049474635224342,1.0023284275232107,1.0240562513356122,0.5824047970993412,0.4416514542362709
0.70703125,1.0038642278342989,0.12974381212181385,1.0048034291606465,1.0023207984684455,1.0238332720442207,0.584236810732813,0.4395964613114078
0.708984375,1.0044638713970557,0.12958590863717026,1.004654840105054,1.0023115251582668,1.023610218476948,0.5860475569691278,0.43756266150782025
0.7109375,1.005062744660132,0.1294098898905836,1.0045017128709202,1.0023006131992176,1.023386568992158,0.5878365947896289,0.4355499742025291
0.712890625,1.00566076442622,0.12921602183433575,1.0043440639735137,1.0022880681978403,1.0231618002893155,0.5896034846497895,0.4335583156395259
0.71484375,1.006257847498013,0.12900457042070845,1.0041819099281017,1.0022738957606778,1.0229353877362308,0.5913477885838273,0.43158759915240347
0.716796875,1.0068539107208687,0.12877580155817017,1.0040152673900193,1.0022581014959504,1.0227068063053506,0.5930690710618332,0.4296377352435174
0.71875,1.0074488737492933,0.12852997551620945,1.0038441605631894,1.0022406912448278,1.0224755642961671,0.5947669410249985,0.4277086232711687
0.720703125,1.008042660706929,0.12826734167961934,1.0036686244978246,1.0022216713042025,1.0222412200604039,0.5964410729348154,0.42580014712558856
0.72265625,1.008635196112379,0.12798814820769897,1.0034886950424455,1.0022010480229633,1.0220033374692967,0.5980911491596245,0.42391218830967214
0.724609375,1.009226404484201,0.12769264325976837,1.0033044080455853,1.0021788277500012,1.021761482460522,0.5997168551581368,0.4220446273023852
0.7265625,1.009816210340998,0.12738107499512713,1.003115799355764,1.0021550168342057,1.021515223247572,0.601317879549523,0.42019734369804906
0.728515625,1.0104045382013578,0.12705369157308152,1.0029229048215067,1.0021296216244664,1.0212641305229977,0.6028939141825924,0.4183702163404054
0.73046875,1.0109913132907282,0.1267107395772126,1.0027257621780552,1.0021026485319482,1.0210077864379044,0.6044446650354027,0.4165631214025017
0.732421875,1.0115764654493646,0.12635245371496362,1.002524419805232,1.002074104474003,1.0207458268424137,0.6059699053255362,0.4147759215168775
0.734375,1.0121599263546746,0.1259790632853075,1.0023189296038224,1.0020439966121677,1.020477909106349,0.607469434709334,0.41300847439701505
0.736328125,1.0127416276880934,0.12559079756007668,1.0021093434662434,1.0020123321094716,1.0202036953039864,0.6089430570702268,0.4112606382337596
0.73828125,1.0133215011310714,0.1251878858110933,1.0018957132849045,1.0019791181289446,1.0199228523513735,0.6103905805690364,0.4095322717823371
0.740234375,1.0138994783650164,0.12477055731020954,1.0016780909522334,1.0019443618336181,1.0196350521096336,0.6118118176739881,0.40782323443564544
0.7421875,1.0144754911198923,0.12433904122035679,1.001456528505785,1.0019080703903158,1.0193399721696113,0.6132065860092584,0.4061333861603528
0.744140625,1.015049473671791,0.12389355976252804,1.0012310835279288,1.0018702512671191,1.0190373226473077,0.6145747417559146,0.4044625808913931
0.74609375,1.0156213640055471,0.12343432415902383,1.0010018201794428,1.0018309124447586,1.018726853080361,0.615916189161941,0.4028106639184201
0.748046875,1.0161911003947943,0.1229615446578199,1.000768802934283,1.0017900619536952,1.0184083212269788,0.6172308399322028,0.4011774812947759
0.75,1.0167586211131676,0.12247543150689207,1.0005320962664042,1.0017477078243902,1.0180814913455563,0.618518610709112,0.3995628806364444
0.751953125,1.0173238644343003,0.12197619495421609,1.0002917646497629,1.001703858087305,1.0177461342163427,0.6197794230653757,0.39796671115096705
0.75390625,1.0178867686318271,0.12146404524776779,1.000047872558314,1.0016585207729,1.017402027159709,0.6210132034951857,0.3963888236645234
0.755859375,1.0184472726423455,0.12093919074058748,0.999800485844499,1.0016117039953498,1.0170489610845723,0.6222198921098171,0.3948290689747553
0.7578125,1.019005319336479,0.12040182782751198,0.999549676666057,1.001563416441668,1.016686767385342,0.6233994775263999,0.3932872898589421
0.759765625,1.019560853014475,0.11985214826185255,0.9992955186939306,1.0015136670385885,1.0163152936866282,0.6245519659749568,0.39176332771167144
0.76171875,1.0201138179779168,0.1192903437871138,0.9990380855862171,1.0014624647136512,1.0159343949665247,0.6256773688239383,0.39025702614258645
0.763671875,1.020664158528388,0.1187166061468003,0.9987774510010134,1.001409818394397,1.0155439335681895,0.6267757025912626,0.38876823097692687
0.765625,1.0212118189674726,0.11813112708441668,0.9985136885964171,1.001355737008366,1.0151437791562574,0.6278469889034536,0.38729679025280395
0.767578125,1.021756743648013,0.11753409819443944,0.9982468721492206,1.0013002294894933,1.014733809280639,0.6288912551855524,0.3858425540950865
0.76953125,1.0222988791506624,0.11692570410960135,0.997977078580368,1.0012433051151448,1.0143139264756975,0.6299085568544941,0.38440536962120336
0.771484375,1.0228381750555222,0.11630611973491127,0.9977043875698279,1.0011849736730265,1.013884058252929,0.6308989788331871,0.38298507941974175
0.7734375,1.0233745811503396,0.11567551925685085,0.997428878801548,1.001125244992271,1.0134441402243466,0.6318626120113083,0.38158152821303826
0.775390625,1.0239080472229025,0.11503407686185618,0.9971506319594554,1.0010641289020064,1.012994115635605,0.6327995523176606,0.3801945633179445
0.77734375,1.0244385230609836,0.11438196673637842,0.9968697267274841,1.0010016352313618,1.0125339352778409,0.6337099006545512,0.3788240346232897
0.779296875,1.0249659584523572,0.11371936306686878,0.996586242789568,1.0009377738094671,1.0120635573985384,0.6345937628311485,0.3774697945673897
0.78125,1.0254903037872802,0.11304643811072647,0.9963002605837671,1.0008725545632695,1.0115829520923214,0.6354512553134213,0.37613169677890007
0.783203125,1.0260115127348945,0.11236335338938429,0.9960118629206758,1.000805987994682,1.0110921135646391,0.6362825232997174,0.3748095902649218
0.78515625,1.0265295400598633,0.11167026674279038,0.9957211327149279,1.0007380848146699,1.0105910461025005,0.6370877216736811,0.37350332442881934
0.787109375,1.0270443405270933,0.11096733600875061,0.99542815287136,1.000668855734483,1.0100797614276316,0.6378670099580529,0.37221275146957866
0.7890625,1.0275558689014535,0.11025471902512274,0.99513300629483,1.0005983114653751,1.009558278621908,0.6386205522749903,0.37093772634691774
0.791015625,1.028064079947851,0.10953257362971282,0.9948357758901747,1.0005264627185966,1.0090266240097407,0.6393485172631165,0.3696781067466242
0.79296875,1.0285689284829553,0.10880105749117962,0.9945365446339821,1.0004533202140502,1.0084848314646668,0.6400510785270087,0.36843375293765807
0.794921875,1.029070371235155,0.10806032194620253,0.9942353964559061,1.0003788950188295,1.0079329499531196,0.6407284260764712,0.3672045238766485
0.796875,1.0295683673276517,0.10731051033683751,0.9939324152437031,1.0003031986551454,1.0073710400674754,0.6413807637162535,0.36599027635122183
0.798828125,1.0300628760320159,0.10655176550231335,0.993627684733852,1.0002262426758357,1.006799169042598,0.6420082993313563,0.3647908697112416
0.80078125,1.0305538566198187,0.10578423028185892,0.9933212886628312,1.0001480386337378,1.0062174110090192,0.6426112448733977,0.3636061661356214
0.802734375,1.0310412683626426,0.10500804751468379,0.993013310767112,1.0000685980816872,1.0056258468595847,0.6431898162685813,0.36243603059100343
0.8046875,1.0315250705320347,0.10422336004005497,0.9927038347831882,0.9999879325725256,1.0050245641169466,0.6437442333252791,0.36128033079166755
0.806640625,1.0320052229378196,0.10343030889334896,0.9923929446118254,0.9999060537602904,1.0044136586584842,0.6442747225650131,0.3601389360934711
0.80859375,1.032481688093943,0.10262902609244555,0.9920807235793696,0.999822973817609,1.003793235763931,0.6447815225208845,0.3590117132430466
0.810546875,1.0329544293498811,0.10181964088595004,0.991767254305863,0.9997387050811757,1.0031634056222356,0.6452648754470163,0.3578985301752192
0.8125,1.0334234100549868,0.101002282523057,0.9914526194059943,0.9996532598877006,1.0025242846584326,0.6457250270181524,0.3567992576402803
0.814453125,1.0338885935586122,0.10017708025296097,0.991136901494452,0.9995666505738936,1.0018759954190128,0.6461622262597244,0.3557137691592885
0.81640625,1.034349943210109,0.09934416332485646,0.9908201831859251,0.9994788894764647,1.0012186664341023,0.6465767254531645,0.3546419409809377
0.818359375,1.0348074224097035,0.09850366081349815,0.9905025471126249,0.9993899889421247,1.0005524322698154,0.6469687803263637,0.35358365194345165
0.8203125,1.035260996184741,0.09765569636968559,0.990184075192006,0.9992999616334655,0.9998774334251903,0.6473386529532921,0.3525387804718982
0.822265625,1.035710631469578,0.09680038739908038,0.989864847589287,0.999208820580303,0.9991938121099806,0.6476866079954278,0.35150720411455283
0.82421875,1.0361562953048598,0.09593785097190748,0.9895449442684066,0.9991165788325896,0.9985017153802961,0.6480129124164397,0.3504888029638564
0.826171875,1.0365979547312314,0.09506820415839187,0.9892244451933032,0.9990232494402774,0.9978012956952917,0.6483178358806132,0.3494834598146785
0.828125,1.037035576789338,0.0941915640287585,0.9889034303279158,0.9989288454533185,0.9970927107813989,0.6486016506606691,0.34849106012072983
0.830078125,1.037469128519824,0.0933080476532324,0.9885819796361827,0.9988333799216653,0.9963761234982319,0.6488646315459304,0.34751149195230147
0.83203125,1.0378985774410985,0.09241777050517003,0.9882601727778192,0.9987368659895349,0.9956517013591285,0.6491070562665355,0.346544645092593
0.833984375,1.0383238933002223,0.09152084084249083,0.9879380869861901,0.9986393172248024,0.9949196105025703,0.6493292026360755,0.34559040786649475
0.8359375,1.0387450464846804,0.09061736493273896,0.9876157984391022,0.9985407473113854,0.9941800184084091,0.6495313483450661,0.34464867006334293
0.837890625,1.0391620073818295,0.08970744904445217,0.987293383312183,0.998441169933127,0.9934330972149366,0.6497137731395284,0.34371932407540823
0.83984375,1.0395747463790157,0.08879119944619025,0.9869709177810688,0.9983405987738726,0.9926790236006182,0.6498767587452606,0.34280226485535753
0.841796875,1.0399832338635844,0.087868722406513,0.9866484780213955,0.9982390475174676,0.9919179786573289,0.6500205887821371,0.34189738987519175
0.84375,1.0403874402720903,0.08694012402510624,0.9863261401757771,0.9981365298579671,0.9911501477241236,0.6501455487227628,0.34100459900136076
0.845703125,1.04078733742822,0.08600550596554092,0.986003978599813,0.9980330597497019,0.9903757151665926,0.6502519230375263,0.34012379212906624
0.84765625,1.041182898684772,0.0850649652275574,0.9856820650814802,0.9979286514147051,0.9895948609744097,0.6503399920253792,0.33925486894903056
0.849609375,1.0415740974717327,0.08411859859946101,0.985360471215818,0.9978233190864823,0.9888077683780079,0.6504100368788375,0.3383977314991704
0.8515625,1.0419609072190597,0.08316650286962698,0.9850392685978909,0.9977170769985473,0.9880146244512493,0.6504623401876608,0.3375522842635885
0.853515625,1.04234330135674,0.0822087748263608,0.9847185288227387,0.997609939384406,0.9872156199950244,0.6504971858613638,0.3367184341336605
0.85546875,1.0427212533147496,0.08124551125799108,0.9843983234854093,0.9975019204775671,0.9864109494230111,0.6505148590523907,0.3358960903706204
0.857421875,1.043094736948466,0.08027680760071755,0.9840787235581561,0.9973930345910019,0.985600808735294,0.6505156448823959,0.3350851638528981
0.859375,1.0434637279666263,0.0793027537746985,0.9837597966668773,0.9972832963496066,0.9847853860292186,0.6504998213954091,0.3342855646338095
0.861328125,1.0438282025765098,0.07832343834070442,0.9834416093272661,0.9971727204508084,0.9839648686855651,0.6504676644253391,0.33349720426022605
0.86328125,1.0441881369852972,0.07733894986023622,0.9831242280544509,0.9970613215919781,0.9831394472851949,0.6504194506800569,0.332719996605138
0.865234375,1.0445435074001792,0.07634937689477042,0.9828077193635528,0.9969491144704838,0.9823093155077707,0.6503554576761684,0.3319538578316022
0.8671875,1.0448942900283194,0.07535480800585652,0.9824921497697164,0.9968361137837021,0.9814746700296453,0.6502759636714976,0.3311987063581477
0.869140625,1.045240461124315,0.07435533159962648,0.982177585714745,0.9967223342383102,0.9806357101933239,0.6501812474450783,0.33045446274824547
0.87109375,1.045581998138832,0.07335103261851764,0.981864091301825,0.9966077907334996,0.9797926300288102,0.6500715822460472,0.32972104778276295
0.873046875,1.0459188797698813,0.07234199269937994,0.9815517278663157,0.9964924983407077,0.9789456162718961,0.6499472339082043,0.32899838236369183
0.875,1.0462510847729305,0.0713282933569467,0.9812405565837325,0.9963764721365024,0.9780948576775373,0.6498084681774704,0.32828638950006694
0.876953125,1.0465785919034474,0.07031001610595128,0.9809306386295894,0.9962597271974516,0.9772405455425759,0.6496555511674307,0.32758499437514527
0.87890625,1.0469013799168994,0.069287242461127,0.9806220351794014,0.9961422786001226,0.9763828736162325,0.649488749301335,0.3268941243148975
0.880859375,1.0472194275687545,0.06826005393720724,0.9803148074086828,0.9960241414210832,0.9755220380124356,0.6493083292547944,0.3262137087576413
0.8828125,1.04753271399822,0.06722853095657573,0.9800090156909145,0.9959053307967775,0.9746582342861192,0.6491145556790274,0.32554367860709177
0.884765625,1.0478412199159097,0.0661927499550194,0.9797047168004266,0.995785862064318,0.9737916470714068,0.6489076828006145,0.3248839642707923
0.88671875,1.0481449264309914,0.06515278650618553,0.9794019665023409,0.9956657505980553,0.9729224593514021,0.6486879617734358,0.3242344975779663
0.888671875,1.0484438146525892,0.06410871618403965,0.979100820561735,0.99554501177232,0.9720508561702201,0.6484556437480311,0.323595212422189
0.890625,1.0487378656898283,0.06306061456254726,0.9788013347436875,0.995423660961442,0.9711770245562901,0.6482109798231592,0.32296604473313084
0.892578125,1.049027060651832,0.06200855721567391,0.9785035648132765,0.9953017135397519,0.9703011534470504,0.6479542209976019,0.32234693244944845
0.89453125,1.0493113806937249,0.06095261958185209,0.9782075664345911,0.9951791848890901,0.9694234332538647,0.6476856178330175,0.3217378154208472
0.896484375,1.0495908080249192,0.05989287455407502,0.9779133927659595,0.9950560905139549,0.9685440469359783,0.6474054131683828,0.32113863376759544
0.8984375,1.049865325901286,0.05882939285899853,0.9776210943558555,0.9949324460088138,0.9676631694175003,0.6471138415466479,0.32054932787085244
0.900390625,1.0501349176230577,0.05776224516407563,0.9773307216309784,0.9948082669690838,0.9667809768111177,0.6468111368117113,0.31996983999940637
0.90234375,1.0503995664904875,0.056691502136680914,0.9770423250180063,0.9946835689901721,0.9658976468207698,0.6464975324602881,0.3194001143604817
0.904296875,1.0506592558038215,0.0556172344442151,0.9767559549436238,0.9945583676674901,0.9650133586781443,0.64617326160218,0.3188400970759643
0.90625,1.050913968863306,0.0545395127540789,0.9764716618345157,0.9944326785964482,0.9641282930806513,0.6458385569211113,0.31828973615954004
0.908203125,1.0511636893236505,0.05345840690618113,0.9761894952454077,0.9943065174107765,0.9632426289006907,0.6454936479638589,0.3177489809368318
0.91015625,1.0514084022129393,0.05237398410377829,0.9759095012870818,0.9941798998450587,0.9623565335035165,0.64513875311339,0.3172177803901265
0.912109375,1.0516480928900078,0.051286311074182966,0.9756317252226142,0.9940528416448704,0.9614701723791819,0.6447740875523899,0.31669608482679196
0.9140625,1.051882746713694,0.05019545454471507,0.9753562123150809,0.9939253585557818,0.9605837122866429,0.644399865880716,0.3161838464059269
0.916015625,1.0521123490428175,0.04910148124277503,0.975083007827577,0.9937974663233716,0.9596973212010117,0.6440163020831997,0.315681019117812
0.91796875,1.0523368852362165,0.048004457895682834,0.9748121570231782,0.9936691806932102,0.9588111682620737,0.6436236094978989,0.31518755876417487
0.919921875,1.0525563406982354,0.046904451120519296,0.9745437050482425,0.9935405174159568,0.9579254232889209,0.6432220004194994,0.3147034228694215
0.921875,1.052770701793618,0.04580152584398899,0.9742776946203695,0.9934114922998335,0.9570402480937714,0.6428116788816217,0.31422856921214964
0.923828125,1.0529799557993984,0.0446957457734219,0.9740141661709181,0.9932821211775295,0.9561557969791731,0.6423928411011945,0.31376295587797853
0.92578125,1.0531840900285026,0.0435871746000824,0.9737531600430258,0.9931524198802018,0.9552722249272183,0.6419656822583846,0.3133065426688338
0.927734375,1.0533830917938543,0.042475876015234906,0.9734947165798298,0.9930224042390063,0.9543896878876557,0.6415303967414206,0.31285929114623506
0.9296875,1.0535769484083832,0.04136191371011641,0.9732388761244618,0.9928920900850973,0.9535083427361293,0.6410871781213936,0.31242116461473574
0.931640625,1.0537656471850076,0.04024535137601812,0.9729856790200607,0.992761493249639,0.9526283472337342,0.640636219127441,0.31199212810629334
0.93359375,1.0539491757756068,0.0391262521438525,0.9727351647421844,0.9926306295806782,0.9517498567440428,0.6401777089099406,0.31157214783410214
0.935546875,1.0541275230816396,0.03800467769428002,0.9724873696801047,0.9924995149440546,0.9508730159684264,0.6397118262485715,0.311161189719855
0.9375,1.0543006782918822,0.03688068952957579,0.9722423295417165,0.9923681651984888,0.9499979678943284,0.6392387469671004,0.31075922092722813
0.939453125,1.0544686305951123,0.03575434915201491,0.972000080034915,0.9922365962027011,0.9491248562845105,0.6387586459639913,0.31036621032051914
0.94140625,1.0546313691801057,0.03462571806387251,0.9717606568675954,0.9921048238154118,0.9482538256438662,0.6382716971927339,0.3099821284511322
0.943359375,1.0547888832356394,0.03349485776742369,0.9715240957476525,0.9919728638953412,0.9473850211874123,0.6377780736425197,0.3096069475448926
0.9453125,1.0549411619969928,0.03236182968520261,0.9712904322600506,0.9918407323035122,0.946518588347933,0.6372779469296073,0.3092406414183257
0.947265625,1.0550881956120768,0.03122669434640368,0.9710596997653501,0.9917084449018866,0.9456546649797111,0.6367714808882694,0.3088831840914416
0.94921875,1.0552299750614504,0.03008951184751263,0.9708319297019603,0.9915760175280026,0.9447933825437999,0.6362588326482134,0.3085345498955865
0.951171875,1.0553664913561334,0.028950342297841998,0.9706071534460005,0.9914434660166181,0.9439348729105526,0.6357401581450762,0.30819471476547633
0.953125,1.0554977355071455,0.027809245806704325,0.97038540237359,0.9913108062024907,0.9430792685567497,0.6352156122769369,0.3078636562798128
0.955078125,1.055623698525507,0.026666282483412136,0.970166707860848,0.9911780539203778,0.9422267025410842,0.6346853488895732,0.307541353651511
0.95703125,1.0557443714222592,0.02552151243704312,0.9699511012837624,0.9910452250050499,0.9413773084801407,0.6341495207614394,0.30722778771870135
0.958984375,1.0558597455469154,0.02437499548780591,0.9697386131979095,0.9909123352881759,0.9405312175033296,0.6336082771010867,0.3069229404022428
0.9609375,1.0559698134403719,0.023226791051975112,0.969529271489579,0.9907794005539787,0.9396885515923727,0.6330617582676088,0.306626793324764
0.962890625,1.0560745679054644,0.0220769585966566,0.9693231035079349,0.9906464365679433,0.938849431350212,0.6325101020499748,0.3063393293002372
0.96484375,1.0561740017450358,0.020925557588871595,0.9691201366021264,0.9905134590955446,0.9380139778920524,0.6319534451356119,0.3060605327564406
0.966796875,1.056268107761927,0.019772647495669524,0.9689203981213071,0.9903804839022607,0.9371823128275859,0.6313919230995313,0.3057903897280546
0.96875,1.0563568787589785,0.01861828778409981,0.9687239154146315,0.9902475267535702,0.9363545582440576,0.6308256703935555,0.30552888785050203
0.970703125,1.0564403075885969,0.017462537877659622,0.9685307157085755,0.9901146034143354,0.9355308362375693,0.6302548199606783,0.30527601627689094
0.97265625,1.0565183880126514,0.016305457056434422,0.9683408242511244,0.9899817296033744,0.9347112622589919,0.6296794979630371,0.30503176429595485
0.974609375,1.0565911145902858,0.015147104824878868,0.9681542647013075,0.9898489209805805,0.9338959466421037,0.6290998251427651,0.3047961214993387
0.9765625,1.0566584819076517,0.013987540718661713,0.9679710606741513,0.9897161932025962,0.933085000029451,0.6285159209991944,0.3045690790302567
0.978515625,1.0567204845508957,0.012826824273537245,0.9677912357846955,0.9895835619260733,0.9322785335058732,0.6279279038814203,0.304350629624453
0.98046875,1.0567771171061697,0.01166501502517424,0.9676148136479664,0.9894510428076538,0.931476658587318,0.6273358909805213,0.3041407676067966
0.982421875,1.0568283741596818,0.010502172508720932,0.9674418178786186,0.9893186515040048,0.9306794872091528,0.626739998320525,0.3039394888886279
0.984375,1.0568742506521938,0.009338356249316716,0.9672722713349677,0.9891864036507961,0.929887129029273,0.6261403386298706,0.30374679039940233
0.986328125,1.0569147427156345,0.00817362630057723,0.9671061945936988,0.9890543147871247,0.9290996862381723,0.6255370175098514,0.30356266872832094
0.98828125,1.0569498467317484,0.0070080429432516685,0.96694360780665,0.9889224004264482,0.9283172600367106,0.6249301383896568,0.3033871216470537
0.990234375,1.0569795590822804,0.005841666458089211,0.9667845311256589,0.9887906760822245,0.9275399520463152,0.624319803527983,0.3032201485183322
0.9921875,1.0570038761489757,0.004674557125810355,0.9666289847025594,0.9886591572679077,0.9267678643031501,0.6237061140078151,0.303061750295335
0.994140625,1.0570227943135782,0.0035067752272216752,0.9664769886891973,0.9885278594969623,0.9260010992531897,0.6230891697313294,0.30291192952186025
0.99609375,1.0570363100132347,0.002338381041961097,0.9663285631182604,0.9883967982793095,0.9252397593248657,0.6224690690800332,0.3027706902448325
0.998046875,1.057044420634875,0.0011694354226163793,0.9661837262736773,0.9882659890409237,0.9244839414048102,0.6218459048363081,0.3026380365685021
